driverId,name,ssn,location,certified,wage-plan
10,Steven Le,465-07-6682,"956 Velasquez Prairie Suite 093
Lake Wyattland, FL 27644",N,miles
11,Eric Weaver,630-17-1636,"49195 Martinez Skyway
New Jodyland, ME 91407",Y,hours
12,Autumn Stone,832-29-5899,"3416 Tammy Oval
Martinezchester, DC 25604",Y,miles
13,Dr. Judith Patel,694-09-0483,"707 Donna Isle Suite 993
New Lauraside, MA 33229",N,miles
14,Diana Christensen,705-53-7267,"7218 Carlson Walks Suite 520
Lake Jesse, MH 37152",N,miles
15,Rachel Huerta MD,240-33-5880,"89922 Willis Prairie Suite 464
Lake Gary, ND 72974",Y,miles
16,Steven Williams,635-76-5685,"13829 Laura Ville
Lake Natalie, WY 68693",N,hours
17,Scott French,091-59-4263,"498 Christopher Village Suite 204
Joyceport, NE 46927",Y,hours
18,Lisa Allen,550-93-9747,"115 Golden Oval Apt. 638
East Benjaminport, NY 03681",N,hours
19,David Ball,509-94-4305,"0545 Lonnie View Suite 343
Campbellhaven, NV 29597",Y,miles
20,James Foster,730-85-6774,"3299 Jason Summit Suite 272
Pettyport, MI 99505",N,miles
21,Roberto Miller,314-03-6228,"2073 Elizabeth Fall Suite 064
North Williamfort, WY 80058",N,hours
22,Joshua Conway,475-89-3076,"4536 Ramirez Viaduct Suite 110
Lake William, LA 51626",Y,miles
23,Stephen Robinson,407-60-1432,"0136 Murphy Village
Taylorport, WV 78927",N,miles
24,David Dickson,124-63-6228,"5352 Virginia Haven Suite 330
Tinabury, OR 48564",Y,miles
25,Tyler Sullivan,691-42-2706,"0994 Justin Trace Apt. 592
New Joshuaberg, IN 27923",N,miles
26,Cynthia Norman,070-77-2281,"251 Eric Trafficway
Veronicatown, AR 64228",N,miles
27,Lauren Walker,479-72-7693,"938 Nathan Shores Suite 667
West Danielmouth, ID 54124",N,hours
28,Mary Gregory,288-16-7542,"88433 Joseph Rest Suite 392
New Michele, IN 11687",N,hours
29,Amy Wood,781-30-7059,"874 Christian Trail Apt. 262
Jordantown, PW 47698",Y,miles
30,Yolanda Todd,367-68-1408,"6839 Nathan Burgs
Codyfurt, SD 19131",N,hours
31,Christine Baird,313-29-3845,"227 Smith Mills Suite 302
South Joshuabury, MO 25539",Y,miles
32,Alyssa Robinson,044-43-8292,"Unit 9887 Box 3553
DPO AE 47721",N,miles
33,Kelly Hayden,009-48-6752,"9220 Vincent Courts Apt. 827
Phillipview, MO 39510",N,hours
34,James Jordan,100-61-9236,"28514 Green Glen Suite 401
South Richard, ME 00933",N,hours
35,Angela Wright,096-13-2393,"791 Edwards Throughway Apt. 748
New Christianhaven, FL 32525",Y,hours
36,Stephanie Collins,605-98-6555,"38217 Timothy Tunnel Apt. 207
Scotthaven, AZ 62688",N,hours
37,Robert Hawkins,721-30-4895,"0973 Hanson Garden Suite 875
Gregoryland, AS 18245",Y,hours
38,James Thompson,047-08-2639,"53411 Lyons Key Apt. 177
Jessicaport, FM 83833",Y,hours
39,Justin Moore,267-98-3609,"0340 Jennifer Freeway
South Anthony, MA 31282",N,miles
40,Joseph Reed,879-07-1081,"1561 Tucker Station Suite 844
Knoxhaven, AS 89830",N,hours
41,Johnny Benson,495-68-6326,"3226 Matthew Cliff
East Williammouth, SD 51952",Y,hours
42,Adam King,430-33-2109,"335 West Spur Suite 164
North Denise, OK 94393",Y,miles
43,Christine Manning,280-46-6569,"3218 Shaw Shoal Suite 789
North Michael, FM 79975",N,hours
44,Michael Cervantes,852-40-9837,"9045 Dunn Manors
Jacobsonport, WI 67567",N,miles
45,Chris Jenkins,218-42-8847,"2233 Michael Pines Apt. 010
West Terriburgh, OK 58966",N,miles
46,Penny White,329-07-6156,"73537 Katie Rest
Smithfort, WY 70530",N,miles
47,Johnathan Ramirez,776-70-1209,"6754 Clark Turnpike
South Alexa, LA 71266",N,miles
48,Russell Lynn,323-12-6393,"697 David Crest
North Danielchester, NV 92532",Y,miles
49,Jonathan Garcia,225-27-5605,"75629 Figueroa Row
Port Robert, PW 57665",N,hours
50,Monica Rowe,024-11-1071,"097 Barber Island Suite 374
Baileyfurt, NJ 65769",N,hours
51,Kenneth Cole,235-61-8609,"USCGC Wagner
FPO AA 81130",Y,miles
52,Timothy Blackburn,740-77-3854,"PSC 3711, Box 6553
APO AE 91726",N,miles
53,Ryan Newman,307-09-3794,"5412 Jonathan Isle
North Mistychester, TN 25477",N,hours
54,Matthew Sims,106-66-9796,"270 William Meadow Apt. 289
Ortizside, ID 56874",N,miles
55,Jennifer Phelps,298-67-2702,"34161 Tracie Row Suite 331
Port Jessica, VI 48200",Y,hours
56,Todd Phillips,839-18-0103,"531 Moore Ways
New Janet, FL 39631",N,miles
57,Rebecca Diaz,737-89-8095,"287 Christine Gardens
Michaelland, WI 79833",Y,hours
58,Jacqueline Brown,175-89-3235,"Unit 7460 Box 6736
DPO AE 06084",N,miles
59,Christopher Morris,127-37-4907,"57894 Monica Mission
Port Rebecca, AL 20273",N,miles
60,Ashley Nicholson,895-13-2678,"970 Powell Causeway Suite 638
New Robert, NH 59308",Y,miles
61,Nicole Larson,255-24-0383,"90045 Hodges Squares
Estradamouth, IA 82007",N,hours
62,Robert Ho,841-73-0549,"89081 Cole Curve
Tinaview, GU 91951",N,miles
63,Jessica Snow,512-67-6282,"2739 Kimberly Heights Apt. 255
Port Michael, ME 48217",N,miles
64,Keith Cherry,473-47-9135,"03845 Maynard Forges Suite 164
Lanefort, NC 79019",Y,miles
65,Caleb Young,494-97-4542,"32355 Randall Cape Suite 060
Tammychester, PR 21224",Y,miles
66,Francisco Mcgee,875-91-2974,"Unit 3891 Box 4857
DPO AP 86524",Y,hours
67,Mark Page,145-80-3945,"030 Brown Meadow Apt. 304
East Josephtown, FM 46601",N,miles
68,Catherine Martinez,476-02-7806,"67608 Victor Canyon
Port Davidstad, ND 88887",Y,miles
69,Dr. Tara Solis,597-74-3000,"5660 Penny Flats Suite 352
South Donna, ND 61779",N,hours
70,Melissa Leonard,630-44-6085,"778 Cindy Well Apt. 231
Lake Tracychester, NM 28588",Y,miles
71,Elizabeth Woodard,569-82-5933,"Unit 0723 Box 7658
DPO AA 31724",Y,miles
72,Brandon Harris,220-97-9915,"462 Margaret Union
East Amandamouth, RI 12928",N,hours
73,Shannon Johnson,584-90-8686,"127 Casey Causeway
Greenville, UT 25903",Y,miles
74,Patrick Perkins,346-14-6089,"20599 Jesse Lakes Suite 336
Cherylview, MA 48218",N,miles
75,Stacy Armstrong,275-88-5528,"40047 Tate Gardens Suite 844
East Rogermouth, SC 13534",Y,hours
76,Gregory Barnes,023-16-9271,"882 Cynthia Falls Apt. 845
Gordonburgh, DE 78505",Y,miles
77,Dr. Chad Gonzales,693-99-4129,"6617 Aaron Inlet Apt. 995
Andreafort, TX 70506",N,hours
78,Kenneth Gray,271-95-1235,"414 Thomas Creek Apt. 568
Bernardmouth, ID 24025",Y,hours
79,Roger Herrera,226-16-5166,"842 Steven Well
Laurenview, NM 21598",Y,hours
80,Shannon Martin,808-34-8284,"4103 Erika Vista Suite 520
New Amandamouth, GU 83767",N,miles
81,Peter Brown,595-03-7175,"136 Patrick Summit Suite 389
Taylorton, SC 77646",N,hours
82,Phillip Tran,771-26-5371,"40543 Ford Square Apt. 697
Mosleyfurt, OH 66179",Y,hours
83,Paige Mccormick,036-36-5357,"PSC 7146, Box 6286
APO AA 08977",Y,miles
84,Sandra Mcdonald DDS,594-33-4998,"914 Daniel Station Suite 879
East Mary, MA 32079",N,hours
85,John Fischer,349-28-8098,"31082 Mary Corner
Lopezfurt, MN 91101",N,hours
86,Ariel Cooper,025-76-1180,"868 Gates Crescent Apt. 815
Lisaside, GA 45371",Y,hours
87,Jessica Stewart,633-54-1389,"760 Waters Ridge Suite 425
Port Kimberlyville, VI 97473",N,hours
88,Thomas Watkins,347-56-9608,"22832 Williams Roads
Smithfurt, FL 65234",Y,hours
89,Travis Sullivan,051-68-4162,"338 Gonzalez Green
Ashleyberg, OK 14431",Y,miles
90,Colleen Brown,155-14-2143,"08561 Jessica Flats Apt. 550
West Ernestton, DE 66393",Y,hours
91,Robert Kim,079-14-5302,"81583 Joseph Dale
New Anthony, KS 06177",N,hours
92,Cynthia Sawyer,379-46-4880,"0478 Richmond Row Suite 979
New Darlene, WY 86869",N,miles
93,Gabriella Herman,366-11-8803,"149 Gomez Point
Gregoryfurt, MN 03969",N,hours
94,Richard Wilson,247-45-5268,"PSC 3089, Box 8490
APO AP 77615",N,miles
95,Daniel Morrison,025-30-8938,"7537 Yang Roads
West Jeremyview, IL 31011",N,miles
96,Kristen Cruz,167-38-1480,"863 Blake Unions
West Christophershire, FM 84490",N,hours
97,Dana Davidson,668-40-9162,"553 Jenna Ports
Josephport, PA 06377",Y,miles
98,Patricia Ortiz,718-66-5140,"512 Beard Parkway Apt. 501
Port Tinahaven, CT 06540",Y,miles
99,Timothy Barnes,133-04-1195,"161 Chan Court
Scottborough, OK 16642",Y,miles
100,Joshua Schwartz,821-27-0973,"791 Tim Forks
New Glennside, FM 37706",Y,hours
101,Gary Randolph,509-31-4815,"02517 Wagner Mall Suite 028
Rioshaven, DE 97767",Y,hours
102,Mrs. Robyn Huynh DVM,769-90-4821,"34373 Peggy Trace Apt. 704
New Dianaton, MD 64547",N,miles
103,Brad Reyes,798-40-2715,"8689 Kane Circle Suite 927
North Elizabeth, KS 94668",Y,hours
104,April Sanchez,757-34-6410,"671 Rebecca Parkway
Richardhaven, GU 79556",N,hours
105,Alexis Martinez,734-26-4530,"4851 Leslie Mountain
Stephaniemouth, NC 17695",N,miles
106,Sheri Gordon,295-09-7827,"815 Harris Union
West Michellemouth, IA 60189",Y,hours
107,Felicia Galloway,232-18-8405,"08029 Melissa Trail Suite 166
Jenniferstad, GU 86707",Y,hours
108,Kim Bowman,298-68-7794,"9784 Alan Ports
Juanside, NV 43687",N,miles
109,Holly Smith,141-77-6567,"3982 Garcia Fords
Jamesview, LA 66461",Y,miles
110,Jeremy Brown,553-35-4602,"50727 Vaughn Cliffs
Shanechester, MH 14762",N,hours
111,Bradley Shaw,037-67-4273,"32186 Martin Club Apt. 960
North Kelly, FM 75639",N,hours
112,Brian Moore,667-69-4029,"USS Morrison
FPO AP 49003",Y,hours
113,Jonathan Bell,488-95-5853,"PSC 1945, Box 6282
APO AE 62535",N,hours
114,Christina Salinas,475-91-7820,"48091 Michael Corner
Birdberg, NE 01077",Y,hours
115,Ann Baker,758-20-4418,"USNS Baldwin
FPO AE 82671",N,miles
116,Elizabeth Werner DVM,694-90-0896,"USS Lawrence
FPO AA 79863",N,hours
117,Angela Guerra,475-48-4119,"90559 Ashlee Fields
Johnsonborough, FL 41400",N,miles
118,Robert Miller,372-79-5916,"26355 Davis Knoll
South Patrick, PR 67659",Y,hours
119,Sean Garcia,869-58-2670,"015 Sherri Courts Suite 226
Joshuaview, AR 78296",Y,hours
120,David Ross,175-37-8174,"520 Jodi Mountain
Joneshaven, ID 58815",Y,miles
121,Daniel Rivera Jr.,045-34-8150,"8411 Holmes Road
Rojasbury, CA 25844",Y,miles
122,Megan Castillo,442-29-9564,"PSC 6927, Box 2141
APO AP 56108",Y,miles
123,Kevin Maldonado,434-03-8410,"3573 Clarke Green Suite 801
East Michele, IL 73717",N,hours
124,Mike Holloway,510-25-5637,"140 Patel Turnpike Suite 272
Tammyville, MP 38046",Y,hours
125,David Hunt,244-84-9715,"974 Spencer Skyway
Port Maria, MD 25684",N,miles
126,Nicole Adams,386-53-1922,"626 Cabrera Unions Apt. 651
Danielshire, MO 36876",Y,miles
127,Nicholas Powell,558-70-7274,"50446 Browning Mount Apt. 703
South Zacharyfort, AK 71620",N,hours
128,Robert Jenkins,052-74-2513,"3503 Jones Field Apt. 994
Petersonmouth, PA 77377",N,hours
129,Jennifer Montgomery,404-74-0563,"3359 Carter Dale Suite 193
Browntown, MI 35908",N,hours
130,Kenneth Small,483-20-5559,"7165 Walters Hill
Chandlerburgh, VI 60700",Y,miles
131,Donna Trevino,814-51-7849,"2678 Jason Shoal Apt. 884
Johnsonberg, UT 58086",N,hours
132,Alyssa Ellis,897-35-9574,"5895 Smith Crescent
Port William, NM 54475",N,hours
133,Roger Bowman,652-01-0506,"0944 Susan Prairie Suite 588
Ochoaland, CO 88546",Y,hours
134,Laurie Shannon,211-20-0186,"PSC 5079, Box 2748
APO AP 49853",Y,miles
135,Christopher Green,054-14-9960,"445 Mario Bridge
Desireemouth, CO 73432",N,hours
136,Adam Wilson,077-27-2893,"6831 Brett Spring
Lake Blake, AK 36422",Y,hours
137,Julie Davis,642-08-3902,"191 Baldwin Key
Jeffreyview, VT 89706",Y,miles
138,Anthony Harris,353-73-0742,"8612 Dana Walks
Tiffanystad, NM 66071",N,miles
139,Lisa Woodward,727-57-8063,"4242 Melissa Isle
Daviston, UT 64295",Y,miles
140,Scott Meyers,836-10-2979,"9729 Rodriguez Street Apt. 674
Lake Joshuastad, PA 16586",Y,hours
141,Kristine Wilkins,627-72-4832,"0989 Matthews Streets
Harveyton, OK 27917",N,miles
142,David Fox,274-78-9781,"7107 Thomas Well Apt. 727
Katiehaven, FL 24938",N,hours
143,Nicole Young,671-69-8273,"1807 Moore Locks
Morrisonfurt, MI 77308",Y,hours
144,Emily Black,780-45-1267,"64775 Johnny Fort Apt. 105
Michaelmouth, PW 23434",N,miles
145,Shari Butler,824-99-3690,"019 Steven Flats
Dianeburgh, IN 17946",Y,hours
146,Stacey May,069-12-4403,"722 Brown Ways
West William, AL 39792",Y,hours
147,Larry Maddox,577-52-0835,"371 John Point Suite 903
Perryborough, AS 72975",Y,hours
148,Lori Wright,174-41-9852,"69886 Schmidt Shores Apt. 210
South Dan, PR 10940",N,hours
149,Nicholas Martinez,694-93-4664,"Unit 5904 Box 9463
DPO AE 69941",N,hours
150,Christopher Hill,476-91-8158,"00178 Gonzalez Lodge Apt. 360
Lake Elizabeth, IA 05148",Y,miles
151,Rebecca Kelly,325-34-1545,"2474 Boyd Bypass Apt. 523
Collinsbury, IL 03228",Y,miles
152,Rebecca Wilson,390-28-1476,"682 Ward Meadows Suite 985
Russelltown, UT 84661",Y,hours
153,Christopher Spencer,252-30-7037,"847 Ricky Path Apt. 738
Smithchester, CA 61851",Y,miles
154,Jordan Bailey,047-28-0363,"PSC 2382, Box 3074
APO AE 57592",N,hours
155,Charles Webster,696-28-2189,"4684 Christopher Trail
Nancyborough, WI 05783",Y,miles
156,Luke Schmidt,705-05-0076,"2013 Mckee Creek Suite 577
Butlerchester, IN 70077",N,hours
157,Julian Walker MD,082-81-5666,"9705 Tonya Ridges
New Judyberg, FM 36331",Y,hours
158,Matthew French,131-30-1260,"217 Daniel Cliff
Port Jenniferfurt, VI 78904",Y,hours
159,Andrea Pham,827-71-3937,"33126 Mary Canyon Suite 244
Stewartshire, LA 43039",Y,hours
160,Evelyn Bowman,551-41-3254,"127 Kimberly Cliffs Suite 912
Dennisland, NV 03535",N,miles
161,Keith White,118-47-9220,"Unit 2325 Box 0135
DPO AP 57124",N,hours
162,Taylor Davis,265-04-0235,"1532 Harris Estate Apt. 883
Josephchester, ND 88630",N,miles
163,Brian Elliott,072-82-6822,"USS Brown
FPO AA 83978",Y,hours
164,Cynthia Nichols,506-92-1602,"348 Hurst Rest
Anthonyshire, MO 56589",N,miles
165,Annette Lester,893-97-7449,"7580 Scott Ranch Apt. 661
Daviston, DE 78600",N,miles
166,Aaron Walls Jr.,669-71-8044,"PSC 0549, Box 1749
APO AA 02683",Y,miles
167,Dr. Michael Doyle,761-98-9774,"65041 Berry Islands Apt. 484
Port Ronaldbury, LA 80161",Y,miles
168,Sergio Smith,031-41-9764,"882 Adam Place Suite 509
Matthewville, AK 48646",Y,miles
169,James Smith,781-96-9541,"6021 Jason Rest Apt. 987
North Ralph, TN 05907",N,miles
170,Kevin Levine,624-24-7259,"65688 April Brook
Hillside, SC 20533",N,hours
171,Vicki Carlson,484-26-9550,"USNS Davis
FPO AE 84753",N,miles
172,Shannon Russell,837-77-4600,"2335 Brooks Estates
West Maria, WA 48436",N,miles
173,Brandy Norton DDS,744-55-0455,"34942 Daniel Vista Apt. 126
Navarrofurt, AK 08094",Y,miles
174,Elizabeth Proctor,135-42-9370,"0413 Kevin Dam
Port Emily, WV 16072",N,hours
175,Kayla Bowman,691-29-7315,"PSC 7416, Box 2602
APO AP 09264",Y,miles
176,Daniel Morales,554-70-6684,"505 Brown Shores
Mcdowellton, GA 84714",Y,miles
177,Barbara Simmons,882-77-7261,"009 John Run Apt. 534
Rodriguezport, TX 48915",Y,miles
178,Melissa Wallace,193-08-3411,"53539 Patrick Overpass
Fosterland, VA 33532",Y,hours
179,Charles Mejia,178-45-0368,"5657 Brianna Burg
Steventown, GU 67514",Y,hours
180,Andrea Hernandez,090-70-9730,"755 Marquez Divide
Davisshire, WV 85446",N,hours
181,Justin Herrera,796-65-5209,"51475 Melissa Grove Suite 950
Matthewtown, VA 74851",Y,hours
182,Grace Fuentes,464-25-6340,"778 Daniel Spur
South Zachary, VT 95762",N,hours
183,Cynthia Lopez,141-18-3662,"1245 Rachel Ville Suite 115
Shanehaven, RI 66916",N,miles
184,Benjamin Douglas,626-94-9998,"6851 Burgess Union
Port Michael, IA 27525",Y,miles
185,Whitney Burns,781-61-6065,"46290 Burch Islands
Deckerland, OH 08807",N,miles
186,Katherine Thomas,485-81-4742,"8016 Green Crossroad
Karenburgh, NE 15336",N,miles
187,Michael Evans,469-41-2825,"0297 Jennifer Square
East Guyshire, UT 88352",Y,hours
188,Michael Carter,809-05-7964,"431 Zachary Drive
North Jennaville, CO 29742",Y,miles
189,Mark Gonzalez,135-97-5282,"PSC 5335, Box 7086
APO AA 40033",Y,miles
190,Anna Moore,225-98-5512,"3244 Kimberly Road Suite 044
Lake Shawnville, PR 20117",Y,miles
191,Mr. Brandon Rivera,430-36-8553,"4158 West Lock Apt. 164
Kristenmouth, OR 68338",N,hours
192,Tyler Rios,747-91-8974,"PSC 7080, Box 9571
APO AE 37797",Y,hours
193,Steven Miller,878-90-9903,"05312 Robert Neck Suite 493
Melissaburgh, IA 70611",Y,hours
194,Melissa Clark,681-60-6133,"16102 Miller Mount
Michaelport, MH 29715",Y,miles
195,Veronica Perry,344-34-8164,"847 Hardy Walks Suite 591
West Paulburgh, ME 41067",Y,hours
196,Heather Ramirez,563-32-4888,"08354 Kevin Rest
Velezburgh, AZ 15744",Y,hours
197,Gregory Bridges,204-26-1999,"020 Montgomery View Suite 742
Benjaminville, GA 20900",Y,miles
198,Anthony Davis,189-17-8629,"PSC 3922, Box 6563
APO AP 96908",Y,hours
199,Abigail Oneill,667-75-8671,"71665 Cooper Trail Apt. 299
East Tyler, PR 30362",N,hours
200,Shannon Hernandez,381-11-6743,"018 Cassandra Springs
Gordonstad, SD 43135",N,miles
201,Donald Fox MD,530-83-2492,"956 Estrada Brook
Wareland, VA 25337",N,miles
202,Eric Smith,693-64-2680,"22302 Parrish Cliffs
Stephenside, NJ 50496",N,miles
203,Summer Little,647-68-6473,"69728 Duncan Course Apt. 077
Lake Brittany, LA 36016",Y,miles
204,Christian Calderon,216-89-4487,"1745 Gregory Road Apt. 159
Andersonmouth, IA 12143",N,miles
205,George Delacruz,812-62-3481,"009 Walker Square Suite 252
South Ericaville, ME 27891",Y,hours
206,Karen Turner,829-11-1179,"76566 Kemp Plaza Suite 002
Rachelfurt, VA 62118",Y,hours
207,Bobby Griffin,516-51-7435,"0826 Pace Lakes
Cortezchester, PA 09368",Y,hours
208,John Salazar,661-60-0856,"528 Flores Via Suite 106
South Courtney, MN 51213",Y,hours
209,Stephen Lee,284-02-7563,"168 Young Lakes
Lake Katelyn, MI 72254",Y,miles
210,Jennifer Gonzalez,051-84-4059,"958 Hall Roads Apt. 229
South Williammouth, PA 40472",N,miles
211,Melissa Wilcox,412-02-5068,"44465 Tina Village
Danielletown, NV 97271",Y,hours
212,Valerie Flores,325-35-0869,"685 Hardin Springs
Luceroview, HI 30130",Y,miles
213,Richard Cannon,463-03-5833,"5613 Douglas Ways
North Janet, RI 76326",Y,miles
214,Bailey Gonzalez,201-99-3172,"Unit 0686 Box 4468
DPO AA 30623",Y,hours
215,Amanda Garcia,471-33-8311,"963 Chen Inlet
Tuckerton, OH 14428",Y,hours
216,Tony Edwards,366-53-6648,"1490 Chung Stravenue
North Krista, ND 51581",N,miles
217,Mary Williams,287-68-2053,"657 Michael Common Suite 376
Lake Brittany, MT 70023",Y,miles
218,Christopher Edwards,302-59-8800,"294 Shaw Pine Suite 663
East Natasha, RI 92113",N,hours
219,Nicole Kim,427-44-8317,"6584 Matthew Views Apt. 724
North Ruth, WA 60391",Y,miles
220,Robert Clay,878-51-8376,"7302 Jason Estates
Christinehaven, IN 36572",N,miles
221,Chelsea Brown,569-79-1323,"34937 Matthew Key Apt. 384
New Ryan, VA 72855",N,hours
222,Aaron Keller,716-27-3783,"109 Garza Cove Apt. 361
Dustinfort, TX 62452",N,miles
223,Daniel Brown,896-51-3396,"88688 Sherman Route Apt. 530
East Williamport, VA 94052",Y,hours
224,Connie Randall,122-86-3557,"5514 Watson Path Apt. 512
Stephensonborough, OK 68477",N,hours
225,Curtis Williams,351-28-8563,"4304 Williamson Lane
Jeffreyton, ND 52783",N,hours
226,Michelle Shepherd,587-10-2892,"94338 Michael Tunnel Suite 546
Port Danielle, MO 09822",Y,hours
227,Andres Gardner,848-28-8846,"03570 Hannah Groves Suite 057
Randyport, KS 87627",Y,miles
228,Victor Fernandez III,695-51-1731,"20992 Chen Falls Suite 829
Port Jane, ME 04960",N,miles
229,Joseph Lowery,855-86-4003,"741 Washington Ridges Suite 645
Lake Jonathan, MH 76316",N,miles
230,Eric Davis,602-92-0267,"093 Jill Mount
Melanieside, WA 75496",Y,miles
231,Hannah Carson,244-36-9057,"69767 Jennifer Court Apt. 979
West Kennethview, SD 63335",Y,hours
232,Terry Soto,144-41-4429,"26688 Daniel Lakes Suite 307
North Stevenstad, ME 44533",N,miles
233,Melissa Shelton,563-28-2625,"497 Williams Village
East Jamesfurt, OR 08728",Y,miles
234,Richard Maldonado,586-10-9375,"4085 Katherine Course
Vickiemouth, AK 36255",Y,miles
235,Tracie Parrish,485-22-7602,"PSC 4747, Box 0158
APO AP 97933",Y,hours
236,Sean Pearson,422-24-9232,"03589 Coleman Common
Tamarabury, MI 05089",Y,hours
237,Megan Crawford,603-30-7232,"64088 Fisher Hollow
East Daniellefort, GA 91813",N,miles
238,Charles Davis,615-21-6941,"PSC 7775, Box 3698
APO AP 74905",Y,miles
239,Jessica Morales,689-22-2345,"2372 Sheila Passage
Port Emily, MO 24154",N,miles
240,David Johnson,156-23-2325,"799 Ryan Road
North Caseyland, AK 99925",N,hours
241,Terry Hughes,640-58-5342,"6084 Melissa Mount Apt. 282
West Jacobview, AR 58100",Y,miles
242,Dr. Peggy Moore,033-62-7036,"Unit 2191 Box 2047
DPO AA 78553",Y,miles
243,Margaret Harrell,222-52-0640,"9573 Moore Haven Suite 937
Lake Donnaberg, ME 76793",Y,hours
244,Elizabeth Solis,342-24-4580,"3017 Bennett Parkway Apt. 657
Lake Deanna, AK 15125",N,miles
245,Austin Henderson DDS,200-45-6327,"608 Sarah Motorway
East Shelbyburgh, UT 75743",N,miles
246,Robert Kelly,520-05-1506,"USNV Adams
FPO AP 54526",Y,miles
247,Jodi Nichols,092-13-5654,"961 Marcus Mission
Wangton, WI 53515",N,miles
248,Ronald Burch,185-51-0875,"8846 Patricia Locks
Lake Brendafurt, OK 07164",N,hours
249,Grace Fisher,798-43-2528,"85322 Alec Mountain
North Teresastad, CA 67428",N,miles
250,Anne Gonzales,267-51-1563,"Unit 0741 Box 9292
DPO AA 63992",N,miles
251,Courtney Roberts,180-81-9256,"52799 Bailey Burg Apt. 321
East Timothy, GU 96852",N,hours
252,Samuel Harris,263-58-5030,"7311 Hughes Vista Suite 067
New Scotttown, AS 39056",N,hours
253,Kayla Cantu,304-84-0969,"Unit 9194 Box 5298
DPO AE 72970",N,miles
254,Richard Cooper,661-12-6496,"77698 Caleb Roads Suite 487
Danchester, GU 37914",N,miles
255,Jeffrey Cabrera,723-05-4793,"5914 Yolanda Inlet
Lake Dustinland, MD 52282",Y,hours
256,Brandi Davenport,561-44-4759,"782 Thomas Ranch Suite 576
New Kathy, LA 41609",Y,hours
257,Timothy Clark,783-57-6581,"716 Melissa Parkway
Greertown, AS 62680",N,hours
258,Lisa Hogan,851-01-7463,"93320 Gonzalez Island
South Phillip, WI 24108",Y,hours
259,Joseph Arias,038-06-6192,"19172 John Prairie Suite 637
Nguyenfort, VA 89140",Y,hours
260,Robert Leach,215-80-9643,"48397 Wolfe Rue Apt. 914
North Patrick, FL 74791",N,hours
261,Lindsey Booth,495-42-5956,"1108 Wilson Freeway
Paulberg, WA 83742",N,hours
262,Alexander Vasquez,072-29-3326,"6045 Thomas Greens
Adrianberg, ME 47524",Y,miles
263,Kayla Anderson,584-59-6983,"6405 Eric Isle
Coxville, RI 69856",Y,hours
264,Adam Simon,233-20-7302,"36712 Christina Crest Apt. 892
Port Natalieville, AL 15301",Y,miles
265,Maria Wilcox,709-70-5125,"29451 Williams Extension
Fletcherhaven, PA 97767",Y,hours
266,Jamie Bradley,600-07-9162,"93319 Williams Brooks
West Kennethborough, AL 86802",N,miles
267,Donald Miller,061-12-8250,"330 Patrick Fall Apt. 431
Santosport, KS 05993",N,miles
268,Alan Willis,799-40-0982,"9663 Clayton Roads
New Lauren, NH 16569",Y,miles
269,James Simmons DDS,699-83-2483,"35286 Jason Crescent Suite 702
Port Donna, RI 80673",Y,miles
270,Lindsey Gibson,508-05-4366,"USCGC Kelly
FPO AP 98994",Y,hours
271,Kelly Price,249-13-6455,"58851 Greg Spring
Davismouth, OH 12988",Y,hours
272,Morgan Vaughn,372-47-2500,"255 Cox Cove
Millerbury, MH 31996",Y,hours
273,Carrie Kirby,661-72-6294,"88014 Herrera View
Donnaland, AS 21300",N,hours
274,Taylor Brown,781-29-9835,"0512 Horton Shoals Apt. 949
West Melvinmouth, MP 93193",N,miles
275,Elijah Wilson,488-42-3216,"010 Love Crescent Apt. 387
East Marcusmouth, MO 05128",N,miles
276,Christopher Snyder,052-26-4339,"2645 Angela Greens Suite 851
South Thomas, VA 17285",N,hours
277,Dalton Moore,098-53-3268,"8468 Cindy Cliffs Suite 589
Pamelahaven, MH 48455",N,miles
278,Kyle Lewis,502-37-9525,"4085 Selena Parkways
Port Jon, FM 26092",Y,miles
279,Natasha Crane,028-12-5477,"1831 Silva Rest Apt. 704
Port Rebeccamouth, RI 06977",N,hours
280,David Faulkner,150-47-1943,"5659 Kirk Mount Apt. 776
Gibsonport, WI 87005",N,miles
281,Samantha Castro,715-54-2322,"81752 Smith Court
East Monica, CO 58801",N,miles
282,Katrina Garcia,004-30-6134,"19564 Nelson Brook
West Christina, ND 30690",Y,miles
283,Crystal Sellers,741-11-3825,"84367 Adriana Pines Apt. 231
North Alexandraberg, CO 12377",Y,hours
284,Steve Phelps,213-11-4741,"USCGC Miller
FPO AP 19380",N,hours
285,Arthur Reese,406-85-8867,"224 Kimberly Field Apt. 694
Jamestown, RI 66378",Y,hours
286,Robert Quinn,698-50-3263,"95924 Orr Trace Suite 867
Port Gary, VA 98319",N,hours
287,Anthony Stafford,742-89-5769,"09433 Harris Creek
East Christinefurt, KY 60308",Y,miles
288,Eric Robertson,609-12-9479,"3334 Holly Crossroad Apt. 034
Port David, MO 51153",N,hours
289,Crystal King,049-75-4786,"USNS Martin
FPO AA 36177",Y,miles
290,David Carroll,817-77-7929,"158 Brooks Plains
South Tiffany, MA 77098",N,miles
291,April Alvarez,170-42-8629,"7375 Dyer Highway
North Jasonhaven, MN 18472",Y,miles
292,Jacob Davis,236-10-9161,"877 Joyce Tunnel Apt. 186
Victorfort, CO 18016",Y,hours
293,Kathryn Fritz,379-41-8469,"533 Johnson Light Apt. 379
Dunlaptown, IA 35208",N,hours
294,Jennifer Boyd,587-77-1550,"USS Holt
FPO AP 60708",Y,miles
295,Christopher Burton,668-38-0701,"557 Gerald Gateway
South Vincent, TN 90260",Y,miles
296,Judy Alexander,881-40-2654,"9260 William Mission
Port Jared, PW 32402",Y,hours
297,Jennifer Sutton,855-94-0460,"3897 Elizabeth Pike Apt. 985
Hernandezborough, AS 99843",N,miles
298,Cassandra Ferguson,627-16-4098,"891 Howard Tunnel Suite 388
Christopherhaven, AL 90097",N,miles
299,Taylor Maldonado,402-72-1862,"64152 Waters Landing Apt. 503
Port Edwardhaven, ME 56760",N,hours
300,Veronica Olson,894-58-6906,"0708 Renee Fall Suite 308
East Erinstad, CT 95948",Y,miles
301,Katrina Wolf,309-18-3524,"58260 Lopez River Apt. 858
New Jeffreyfurt, NE 53647",Y,hours
302,Elizabeth Mendoza,311-25-3792,"6716 Dana Gardens Suite 960
New Jesuschester, KS 87228",N,miles
303,Kelly Humphrey,226-29-2985,"0280 Jerry Grove Suite 201
New Benjaminside, WV 79063",Y,miles
304,Sandra Valencia,615-83-1174,"Unit 9210 Box 2649
DPO AP 22347",Y,hours
305,Mr. Michael Preston,692-21-9171,"269 Michael Overpass Apt. 419
Kristinaland, DC 35808",Y,miles
306,Jamie Brown,158-78-3214,"5188 Jackson Village Apt. 820
Lake Robert, MN 44624",N,miles
307,Max Wallace,204-12-8684,"4486 Everett Plaza
New Angela, DE 83108",N,miles
308,Barbara Gregory,765-67-9396,"057 Lori Wells Suite 391
Dianaburgh, CT 62033",Y,hours
309,Logan Nash DDS,766-01-4924,"13856 Rocha Lodge Suite 537
North Joshua, DE 70299",N,hours
310,Frank Phelps,799-92-5081,"9302 Mendez Plain
North Kelseyport, PR 70486",N,hours
311,Connor Moore,160-66-0710,"USCGC Ross
FPO AP 55385",Y,miles
312,Noah Jackson,120-54-1698,"623 Dustin Fort Apt. 121
Tamarachester, KY 67760",Y,hours
313,Angela Bowen,187-68-9673,"429 Espinoza Road Apt. 558
Port Danielle, NY 22533",N,miles
314,Jeffrey Lowe,024-23-1447,"39985 Savannah Tunnel Apt. 169
Murphyshire, CT 13928",Y,miles
315,Heather Pennington,438-09-5157,"5619 Michael Green Suite 657
Port Matthew, NJ 16699",N,hours
316,Carolyn Lamb,074-30-0251,"1798 Blake Flat
Stephaniefurt, KY 97053",N,hours
317,Debra Logan,476-57-6437,"966 Wallace Valleys
West Christopher, HI 91119",N,miles
318,Patrick Carter,622-11-5240,"594 Ross Hollow
North Scott, DE 15355",N,hours
319,Rebekah Smith,321-07-7547,"9932 Todd Underpass Apt. 854
Port Markmouth, DC 66648",Y,hours
320,Sarah Marshall,246-32-8620,"79000 Charles Expressway
North Joan, MP 23570",N,miles
321,Michelle Campbell,638-58-5818,"220 Alex Dam
Frankville, TX 11779",N,hours
322,John Hernandez,823-60-2318,"3129 Bates Summit Suite 781
South Arthur, WY 32521",N,hours
323,Samantha Oneal,477-25-2101,"857 Derek Mission
Fosterbury, TN 62739",Y,miles
324,Brian Cannon,079-38-4403,"686 Benson Rest Apt. 495
Mcintyrebury, KY 59522",N,miles
325,Mrs. Jody Martinez,139-14-0368,"041 Davis Lane
Kaylamouth, MD 96189",Y,hours
326,Adam Lopez,628-93-4200,"64970 Pittman Branch Suite 977
Clarkville, TN 03407",Y,miles
327,Mrs. April Schroeder,883-78-0065,"4799 Baldwin Manors Suite 213
Bowersmouth, WI 22300",N,hours
328,Paul Ramirez,291-43-8552,"2549 Collin Place Apt. 381
Kellyburgh, SC 48635",Y,hours
329,Cory Collins,550-88-8082,"8032 Wilson Throughway Suite 098
Laurashire, MO 66334",Y,miles
330,Meredith Mcdowell,362-87-3204,"237 Lacey Villages
North Stephanieberg, CA 64545",Y,hours
331,Richard Meyer,842-84-4777,"976 Jason Flats Suite 655
North Jodiville, MS 53370",N,hours
332,Amanda Le,121-53-0748,"4183 Benjamin Estates Apt. 611
Lovemouth, NM 21935",N,miles
333,Kelly Fletcher DDS,355-77-5207,"3674 Teresa Cliff Apt. 856
Port Scott, ND 78718",N,hours
334,Steven Bryant,534-43-7522,"596 Gonzalez Valleys
Crystalside, WA 39499",N,miles
335,Crystal Collins,178-09-0879,"311 Robert Overpass Suite 858
South Robyn, UT 87499",Y,hours
336,Mark Wong,150-43-8681,"93685 Fitzgerald Via
North Stephanie, MH 98760",Y,miles
337,Rhonda Hahn,682-91-0395,"18807 Williams Mills
Jamesfurt, GU 85852",N,miles
338,Sherry Davis,830-09-1688,"42007 Gibson Extension
Teresaville, LA 92776",Y,hours
339,Ryan Guerra,868-85-7480,"10568 Thomas Mountain
Rickymouth, TN 26729",Y,miles
340,Tony Powell,561-32-2227,"956 Carpenter Highway
Adamsport, TN 85673",Y,miles
341,Jon Campbell,500-55-1201,"192 Taylor Flat Apt. 388
Rowetown, NH 15562",Y,hours
342,Jaime Smith V,851-76-4606,"571 Smith Mews Apt. 999
Lewistown, IN 29046",Y,hours
343,Joseph Oconnor,756-71-6775,"6471 Tammy Club
Lesliemouth, MN 55071",Y,hours
344,Jamie Mendez,841-20-2497,"9795 Jessica Courts
Sandrabury, CO 01993",Y,hours
345,Alicia Foster,554-33-2931,"95362 Kelley Ports
Martinborough, WA 22550",Y,hours
346,Ashley Davis,070-02-3620,"93392 Solis Spurs
Lake Christopher, VA 89768",N,miles
347,Karen Lane,746-87-8301,"504 Mark Road
West Jonathanside, GU 43912",N,miles
348,Jack Harris,576-34-9408,"137 Mason Fork
Moorechester, MN 49194",Y,hours
349,Mark Townsend,667-38-7721,"69677 Smith Villages
Barnettland, DE 52829",N,hours
350,Michael Mcdonald,495-35-1585,"9880 Mata Dale
West Jillfort, HI 90458",N,hours
351,Keith Mullins,699-15-6986,"5310 Amy Route Suite 671
East Mark, IL 40125",Y,miles
352,Richard Burns,235-43-5597,"74332 Moore Plaza
East Savannahmouth, NM 43691",N,miles
353,Gregory Roberts,417-77-9734,"Unit 2478 Box 9699
DPO AA 67774",N,miles
354,Jimmy Crane,334-97-0788,"916 Johnson Locks Suite 409
West Chrisport, MO 53819",N,miles
355,Yolanda Johnson,195-99-9550,"0315 Michael Point
Wrighttown, ME 88052",Y,miles
356,David Aguirre,431-70-6405,"628 Amy Union Suite 989
Brianton, FL 08690",Y,miles
357,Laura Schmidt,447-47-5093,"0102 Erickson Summit Apt. 680
Jasontown, HI 59024",Y,hours
358,Jesus Edwards,815-16-8717,"2135 Mcknight Forges Apt. 837
New Paulfort, GA 68640",Y,hours
359,Stacy Woodard,745-14-9950,"4073 Matthew Mission
Port Jenniferfurt, WY 71730",N,hours
360,Jessica Gonzalez,890-44-6713,"19451 Martin Path Suite 559
Hernandezport, KY 78842",N,hours
361,Ashley Williams,450-10-9660,"USNS Noble
FPO AA 22531",Y,miles
362,Christina Watkins,564-38-9873,"8424 Wesley Falls
North Laura, IN 62655",N,miles
363,Richard Roberts,654-35-7154,"734 Frank Meadow Apt. 772
East Brittanymouth, MT 74949",N,miles
364,Laura Gray,171-01-4810,"041 Griffin Meadows Apt. 512
Port Dominique, NY 33298",Y,hours
365,Mary Davis,359-20-4358,"165 Christopher Glen
South Robertport, NM 16824",N,hours
366,Mr. Brian Peterson,407-14-8848,"12193 Lopez Underpass Apt. 904
Holmesville, KY 45956",N,hours
367,Cynthia Williams,096-39-4834,"1318 Joshua Tunnel Suite 484
Bellstad, FM 12373",N,hours
368,Nicholas Cummings,670-57-8172,"2718 William Keys Apt. 103
Nicoletown, AL 18422",N,miles
369,Richard Boone,464-57-0627,"966 Green Bridge
Francisshire, MN 47686",N,miles
370,Daniel Francis,578-95-0730,"Unit 0995 Box 3304
DPO AP 89995",N,miles
371,David Hines,318-15-4839,"20525 Kevin Plaza Apt. 680
Port Thomas, ND 59795",N,miles
372,Gregory Carter,504-10-3560,"648 Dawn Isle Apt. 859
Natashaville, MA 27683",N,miles
373,Ronnie Green,867-27-3381,"PSC 7571, Box 4048
APO AA 20308",Y,miles
374,William Figueroa,034-22-4359,"23427 Norris Courts Apt. 830
Derekburgh, MD 41460",N,hours
375,Jennifer Hoffman,409-20-0976,"04533 Scott Burgs Apt. 452
Daltonburgh, HI 35352",N,miles
376,Wendy Brown,038-40-1502,"019 Anna Isle Apt. 366
East Andreaview, CO 90220",Y,hours
377,Kevin Hayes,701-38-5209,"1222 Daniel Squares
Nathanton, MA 52157",Y,miles
378,Gregory Allen,016-32-0984,"164 Jessica Glen Apt. 198
Lake Chelsea, ID 85577",Y,hours
379,Craig Figueroa,316-30-2350,"08522 Austin Stream
New Samanthaton, MN 02148",Y,miles
380,Lindsey Ford,042-47-4909,"438 Sullivan Ports Apt. 239
New Lauratown, FL 49213",N,hours
381,Jason Dixon,824-18-7258,"5934 Davis Land Suite 972
Kingfort, MO 49522",N,miles
382,Mark Skinner,863-79-8050,"600 Carol Forest Suite 525
Richardmouth, NE 89196",Y,miles
383,Jennifer Flynn,452-50-3265,"697 Atkins Tunnel Apt. 601
Alanfort, PR 04314",N,miles
384,Taylor Jimenez,240-11-2144,"2348 Scott Highway Apt. 440
Stonechester, SD 97227",Y,hours
385,George Nelson,858-25-4329,"83453 Mcclain Landing
Lake Cynthia, ME 85356",N,hours
386,Thomas Nelson,221-53-7235,"75509 Samuel Place
New Paulshire, NC 31072",N,hours
387,Mr. Tanner Lynn,514-04-4114,"3512 Brown Path Suite 821
New Janicemouth, LA 12862",N,hours
388,April Hughes,559-66-7092,"7455 Smith Harbor Apt. 950
Port Patrickfort, WI 07864",Y,miles
389,Mr. Ryan Mclaughlin DDS,025-27-9087,"2177 Morris Parkway
West Robin, MO 07850",Y,miles
390,James Keller,115-01-9093,"834 Kimberly Glen Apt. 292
Lake Tracyport, LA 22637",Y,miles
391,Mr. Levi Mcmahon DDS,435-70-0588,"7188 Hammond Divide
Barnesstad, SD 45495",N,miles
392,Timothy Reid,760-03-4736,"097 Sonya Crest Suite 529
Jasonview, KS 02032",Y,miles
393,Brian Gray,154-47-4539,"920 Arthur Parks Apt. 565
Shawville, MS 14640",N,hours
394,Curtis Mora,175-56-9079,"6641 Lawrence Lodge Apt. 475
Matthewside, NM 24156",Y,hours
395,Brian Pruitt,216-62-7891,"59329 Montgomery Course
North Sean, VT 27441",Y,miles
396,Christina Petersen,693-90-2067,"8591 Lisa Flat Suite 307
Lake Zacharyside, MT 27701",N,miles
397,Richard Brown,033-14-9837,"63879 Jason Trail
North Amber, VI 61623",N,miles
398,Tommy Gray,359-76-2793,"Unit 4004 Box 3682
DPO AE 93266",Y,miles
399,Andrea Cowan,032-33-1832,"PSC 6987, Box 7231
APO AA 02890",N,hours
400,Jacob Ramirez,189-42-1392,"41123 Christopher Motorway Apt. 592
East Brian, CA 79966",N,miles
401,Keith Mitchell,248-10-3486,"91414 Christina Drive Apt. 373
Hannafort, RI 70041",Y,hours
402,Ashley Austin,484-30-5348,"2157 Fuentes Common
Parkermouth, FL 51671",N,hours
403,John Perry,811-85-1272,"PSC 2685, Box 2297
APO AA 73150",Y,miles
404,Michael Griffith,516-63-5143,"Unit 0609 Box 6713
DPO AE 40053",Y,miles
405,Lori Coleman,495-24-8199,"4894 Jacob Stream
East Leonard, ME 21404",N,miles
406,Jeremy Booker,225-47-5935,"7505 Devin Ferry Suite 503
Christopherfort, MP 04698",N,miles
407,Rebecca Pennington,472-79-1737,"89797 Underwood Track
North Jonathan, CT 90972",Y,hours
408,Thomas Patton,599-53-0031,"2110 Jessica Shoal
Teresafort, OH 23342",N,hours
409,Kimberly Ali,761-16-3454,"24765 Hernandez Creek
Rhondafort, ID 34850",Y,miles
410,Kevin Hill,687-43-8098,"59667 Liu Trace Apt. 870
Martinmouth, IN 54672",N,hours
411,Stephanie Walls,496-43-1992,"97829 Brown Streets Suite 732
West Ashley, OK 26626",N,hours
412,Amber Wall,335-66-8551,"60036 Amanda Motorway Apt. 348
Christopherstad, ID 11455",N,hours
413,Christian Harris,303-79-5958,"21595 Steven Islands
Stephanieland, AR 27299",N,miles
414,Christine Gay,136-59-4159,"82034 Diane Lane
East William, WA 59618",N,hours
415,Ms. Kathleen Bullock,326-11-3029,"08646 John Coves Apt. 911
Lake Brettburgh, ME 78336",N,hours
416,Maurice Hoffman,725-86-1247,"21761 Jamie Manor
Hunterburgh, MH 26405",N,hours
417,Raymond Hanson,520-39-7014,"3538 Michelle Turnpike
Davilaside, CT 62790",N,miles
418,Alice Kelly,278-43-0908,"64183 Jennifer Station Suite 875
North Denniston, AZ 44076",Y,miles
419,Makayla Bradley,534-47-1046,"54699 Cortez Stravenue
East Joshua, IN 25855",Y,miles
420,Joseph Kelly,366-97-3814,"18074 Deborah Fork Apt. 676
South Debra, SC 68373",N,hours
421,Kenneth Graham,701-48-1720,"956 Bryant Forks Suite 280
Crystaltown, PW 89143",Y,miles
422,Austin Armstrong,147-27-3765,"7646 Wendy Station
Rachelview, AR 18043",Y,hours
423,Mariah Lucas,842-81-4280,"USNV Christian
FPO AP 98883",N,hours
424,Molly Perry,662-25-6031,"492 Young Drives
West Cameronbury, WY 35413",Y,hours
425,Roberta Merritt DVM,732-68-1932,"4785 Lauren Ranch Suite 997
Davisborough, NH 20025",N,miles
426,Yvonne Jimenez,798-26-5295,"PSC 1826, Box 9213
APO AP 35281",Y,miles
427,David Garcia,635-28-4493,"039 Richards Brook Suite 453
Williammouth, IN 93406",N,miles
428,Steven Flores,441-51-3324,"971 Russell Causeway
East Kevinchester, TX 31051",Y,miles
429,Alejandro Mann,080-71-5778,"504 Courtney Hollow
Davisland, WV 74348",Y,hours
430,William Ruiz,324-32-9438,"75506 Adams Prairie
Amandaview, GA 78361",N,miles
431,Jamie Davis,419-98-7686,"PSC 1567, Box 3862
APO AA 08154",Y,hours
432,Austin Ellis,632-55-0398,"673 Vance Mall Apt. 279
Deleonborough, NC 71449",Y,miles
433,Richard Lee,537-37-9764,"920 Tanya Path Apt. 788
South Melissaburgh, DC 49582",Y,miles
434,Russell Walker,598-58-0171,"31177 Elaine Burg
Ramseyfurt, HI 15923",Y,hours
435,Jennifer Weber PhD,468-10-2907,"672 Wells Plaza Apt. 551
Lake Catherinechester, DC 76540",N,miles
436,Gerald Barber,613-35-7040,"3518 Doyle River
Lake Richard, VI 56136",Y,miles
437,David Contreras,641-20-0093,"6844 Laura Freeway
New Traceyside, MI 07096",Y,hours
438,Kathleen Ray,136-07-4503,"5950 Brown Fort
Olsonview, IN 27580",N,miles
439,Gary Norris,061-60-0775,"031 Jennifer Mission
Lake Theresaborough, VA 79907",Y,hours
440,Cheryl Buckley,386-02-3519,"8170 Christopher Alley Suite 764
West Elizabeth, NM 66050",N,miles
441,Tracy Schultz,743-33-5048,"367 Morgan Green Suite 705
West Ashleyland, RI 15408",Y,hours
442,Heather Davies,154-74-6320,"7979 Jones Roads Suite 461
East Amyfort, KY 09219",Y,hours
443,Yvonne Schmidt,412-69-6774,"04669 Graves Circle
Jamesstad, VT 07756",N,miles
444,Christina Morris,803-67-6851,"USS Romero
FPO AP 71693",Y,miles
445,Reginald Diaz,192-37-9998,"USNV Gibson
FPO AP 28057",N,hours
446,Joseph Castro DVM,277-06-6623,"2772 Tamara Mews Suite 278
Weberview, NM 30560",Y,hours
447,Nicholas Thompson,816-11-4689,"Unit 0426 Box 2346
DPO AE 70153",Y,hours
448,Derrick Johnson,170-73-6098,"USS Garcia
FPO AE 74033",Y,miles
449,Shelia Stevens,041-03-2915,"3331 Scott Ridges Suite 581
East Leahshire, WY 85921",N,hours
450,Duane Bryant,225-43-2591,"0814 Joseph Groves
East Tina, SD 80748",N,hours
451,Travis Moore,640-53-6201,"Unit 8954 Box 3005
DPO AE 28650",Y,hours
452,Justin Garrett,113-67-0452,"713 Anderson Stream
Clayberg, MN 24920",N,hours
453,Seth Allen,603-45-9542,"66980 Vargas Alley
North Kelsey, VI 64661",Y,miles
454,Anthony Boone MD,608-69-8157,"8784 Tina Shores Apt. 710
Port Becky, CA 41290",N,miles
455,Austin Leach,258-94-6444,"USNV Miller
FPO AE 25198",N,miles
456,Aaron Moore,142-20-5323,"177 Brady Light Suite 102
Wilkinsonchester, SD 93512",Y,miles
457,Elizabeth Martin,155-93-9654,"228 Pena Shores Suite 750
Calhountown, UT 49843",Y,hours
458,Brian Smith,741-59-3583,"784 Scott Causeway Apt. 932
Adamtown, IA 93840",N,miles
459,Michelle Hawkins,651-71-6927,"49398 Nicholas Meadow Suite 430
West Theresaville, MS 22580",N,miles
460,Reginald Flores,166-91-6929,"070 Moore Port Apt. 080
Michaelchester, SC 31971",Y,hours
461,Michael Ortiz,545-76-0146,"4005 Davila Pine
New Andrew, PW 43490",Y,hours
462,Paul Wright,852-72-3864,"89381 Fischer Drive
West Angela, AK 71761",N,miles
463,Katherine Peterson,798-29-4640,"359 Susan Orchard Suite 703
North Carolfort, SD 18766",N,hours
464,Erin Ho,233-08-8763,"35925 Ashlee Lodge
North James, MA 34237",Y,miles
465,Phillip Oneal,627-58-4053,"PSC 6830, Box 9790
APO AA 22544",Y,hours
466,Sally Young,020-21-0263,"682 Mary Meadow
East Jessicamouth, DC 26769",Y,hours
467,Eric Costa,703-26-4251,"9352 Dorothy Stravenue Apt. 955
Amyville, MT 64734",Y,miles
468,Michael Dixon,356-50-3881,"06064 Tammy Tunnel Apt. 819
Ferrellport, OH 70631",N,miles
469,Lindsay Ball,529-70-0446,"412 Lewis Junction Suite 781
Curtisport, MI 92513",Y,miles
470,Connor Walker,229-55-4040,"5668 Simpson Locks Apt. 173
Lake Frederickland, MD 78479",Y,miles
471,Marc Singleton,515-89-5182,"9993 Rivera Curve Apt. 898
South Prestonstad, FM 17368",Y,hours
472,Jessica Duran,654-90-6460,"010 Michael Course
New Courtney, OR 96730",N,miles
473,Christopher Moore,454-10-3129,"23309 Jesse Vista
Robinton, MN 42457",N,miles
474,Susan Wilkinson,525-29-7639,"68747 Joshua Centers Suite 082
Danielville, UT 64169",N,miles
475,Christopher Crawford,444-74-7851,"47676 Obrien Forges
Meganshire, CT 44606",Y,miles
476,Cheryl King,219-33-1170,"575 Mcmahon Ranch Suite 101
North Dawn, AR 02902",N,miles
477,Jasmine Martinez,841-07-0538,"895 Kim Neck Apt. 397
North Michael, AS 54608",N,miles
478,Theresa Wright DVM,335-36-7783,"043 Alicia Land
Lake Ronald, KY 63916",N,hours
479,David Burke,894-63-9328,"7910 Charles Groves
Chadville, VT 56947",Y,miles
480,Michael Cook MD,703-79-6891,"562 Daniel Neck Apt. 671
Alejandrofort, GA 79557",N,miles
481,Donald Morrison,382-17-3206,"38326 Baker Walks
Lynnberg, ID 59342",Y,miles
482,David Thomas,192-08-2468,"38105 Jeremiah Ferry
South Bradleyhaven, GU 71539",N,miles
483,Patrick Burton,836-55-3319,"49961 Gabriella Junctions Apt. 453
Garciaside, SC 81678",N,miles
484,Erin Rush MD,659-05-3656,"367 Joseph Corner
South Aaron, DC 74934",N,hours
485,Collin Brown,209-05-7220,"358 Sullivan Fords Apt. 386
Alyssaview, MD 81382",Y,hours
486,Emily Fitzgerald,132-34-6523,"0299 Young Drive Apt. 092
South Andreafurt, ID 80582",Y,hours
487,Lisa Patel,813-96-1311,"008 James Cliff
South John, AR 59995",Y,hours
488,Kristy Fox,841-18-9015,"PSC 0740, Box 6951
APO AE 70423",N,hours
489,Joseph Rivera,588-97-5597,"811 Ian Key
Port Megantown, MO 73831",Y,miles
490,Robert Adams,661-78-9457,"3721 Alexander Summit Suite 642
Jamesshire, AK 48624",Y,miles
491,Ashley Byrd,506-91-3373,"7750 Farmer Manors Apt. 722
Jesseview, NV 68551",Y,miles
492,Steven Hogan,613-79-8036,"14087 Powers Route Suite 509
Desireeberg, MO 99080",Y,miles
493,Shelly Anderson,189-57-1458,"3383 Sarah Spur Suite 240
Morrisontown, SD 47169",Y,miles
494,Danielle Brandt,615-35-6379,"6421 Cruz Parkway Apt. 029
North Christopherfurt, GA 23993",N,hours
495,Luis Holmes,319-07-6496,"432 Rhodes Union
Emilybury, SD 83316",Y,miles
496,Tim Chan,053-68-3331,"22785 Sanchez Square
South Robert, PR 63261",Y,miles
497,Stephanie Carter,328-20-2073,"USCGC Thomas
FPO AP 44698",N,hours
498,Mark Gregory,026-30-9769,"8353 Jeffrey Camp Apt. 656
North Kennethstad, NJ 29676",N,hours
499,Matthew Jones,211-11-8633,"756 Melissa Ford Apt. 640
Angelaton, SD 01144",Y,miles
500,Kristin Simmons,235-06-3925,"USNV Green
FPO AE 92740",N,miles
501,Julie Khan,014-58-3292,"939 Garcia Isle Apt. 199
Richardsonport, TX 00854",Y,hours
502,Billy Hart PhD,883-97-6069,"57769 Owen Ville
New Teresa, TN 49075",N,miles
503,Barbara Lewis,344-55-5896,"046 Rivera Plains Suite 363
Dunnstad, MI 69359",N,hours
504,Anthony Stephens,411-98-2588,"368 Nicole Groves Suite 970
Castilloburgh, WY 32815",Y,miles
505,Joseph Smith Jr.,875-44-1915,"41676 Sanchez Lakes Suite 239
East Ericton, CT 76672",N,hours
506,Jane Clark,556-17-6831,"668 Karen Inlet
New Ryan, MT 05922",Y,miles
507,Gregory Torres,497-20-4641,"5549 Ashley Mission
North Douglasview, TX 20801",Y,hours
508,Shawn Vaughn,358-84-6517,"8575 Norman Cliff Apt. 439
Alecbury, ND 49716",N,hours
509,Meghan Harrington,845-20-5143,"8043 Cooper Hollow Suite 500
Burkestad, IL 22919",N,hours
510,Kevin Anderson,088-53-6200,"779 Strickland Throughway
New Erik, OH 60777",Y,miles
511,Cassie Mcpherson DDS,843-30-0780,"0398 Sarah Ford
West Sonya, TN 95333",N,hours
512,Donald Porter,352-56-4946,"2259 Lisa Bypass
West Ronnie, KS 46895",Y,miles
513,Haley Francis,723-98-0997,"11323 Tracy Vista Suite 715
Jessicatown, PA 58297",N,hours
514,Kenneth Richards,078-43-5862,"86749 Foster Skyway
Sharonmouth, WY 96523",Y,hours
515,Jonathan Singh,246-26-5842,"Unit 3781 Box 9889
DPO AE 16367",Y,miles
516,Sarah Vaughn,283-58-8816,"6678 Edward Drive Suite 530
Johnburgh, WY 28938",Y,hours
517,Jennifer Collins,038-55-5055,"998 Justin Fort Apt. 672
Wrightbury, OR 07982",N,hours
518,Andrew Cervantes,819-89-2840,"968 Aguirre Orchard Apt. 713
East Neilland, WV 48765",Y,miles
519,Laura Martin,124-02-3114,"729 Megan Haven
Mccormickhaven, IN 47465",N,miles
520,Kara Stewart,276-55-8821,"USS Turner
FPO AP 88344",N,hours
521,Gerald Maxwell,601-88-5451,"37943 Martinez Club Apt. 917
New Garyborough, FL 21903",N,hours
522,Danny Harmon,398-89-0421,"287 Oneill Oval Apt. 362
North Williamville, GA 13781",N,hours
523,Leah Tate,807-53-5592,"498 Yvette Tunnel
Port John, ID 48908",N,miles
524,Angela Meyer,027-28-5431,"91733 Joseph Rapids Apt. 243
New Linda, VI 77057",N,miles
525,Yvette Martin,086-63-7516,"835 Paul Ridge
South Rebeccaborough, WY 71868",N,miles
526,Kevin Carpenter,406-48-2573,"0627 Kelly Rue
Brianberg, VI 07439",N,miles
527,Emily Smith,305-93-4335,"4469 Luis Estate Suite 856
East Sarah, MI 40922",Y,miles
528,Christopher Thompson,726-47-2096,"4010 Myers Center Suite 766
New Dawn, AR 15790",Y,hours
529,Angela Thompson,068-42-4259,"5696 Thornton Prairie Apt. 893
West Justinside, IA 70429",Y,miles
530,Lisa Mclaughlin,518-30-4032,"134 Wiley Park Suite 945
West Danielburgh, MN 50361",N,miles
531,Randy Salazar,035-28-2894,"982 Daniel Isle
West Aaron, AS 30212",Y,miles
532,April Mccoy,164-49-6549,"04761 Hernandez Center Suite 295
East Troy, GU 28093",N,hours
533,Jeffery Gutierrez,793-17-1639,"691 Sarah Green Apt. 594
Port Christopherfurt, AR 38880",Y,miles
534,Susan Benson,331-95-3340,"19526 Brittany Forge Suite 218
Kristenhaven, PR 55881",Y,miles
535,Jennifer Gonzales,563-13-1656,"39898 Cox Avenue Apt. 558
East Luke, MN 27996",N,miles
536,Alexander Molina,278-19-6397,"508 Hunter Plaza Suite 374
East Mary, IL 41372",Y,hours
537,Mitchell Bailey,769-75-4253,"6729 Timothy Forks
West Joshuaport, MP 53499",N,miles
538,Jason Tanner,443-44-5209,"239 Bentley Rest
North Leslie, FL 24799",Y,miles
539,Erika Walker,638-38-1536,"29412 Chris Pike
Lake Vernon, HI 54256",Y,miles
540,Brian Wolf,023-41-8081,"925 Lucas Trail Suite 101
New Jamesville, FM 80619",N,hours
541,Sandra Campos,386-89-3018,"19410 Michael Plaza Suite 667
Herreramouth, NM 17559",Y,miles
542,Kyle Gonzalez,588-66-7541,"6426 Henderson Trafficway Apt. 362
Hardinfort, TX 18001",Y,hours
543,Jill Lawson,897-07-3553,"8330 King Way
Phillipsburgh, WY 59799",Y,hours
544,John Stone MD,824-67-5191,"866 Proctor Courts
North Kaitlynfurt, TN 12243",N,miles
545,Chris Miller,280-38-2316,"90131 Anthony Street
Lake John, MI 04349",Y,miles
546,Pamela Wright,615-66-2647,"79559 Pamela Spur Suite 470
Owensbury, CT 00607",Y,hours
547,Chad Williams,122-26-9679,"689 Russell Manors
Harrisberg, AZ 40781",N,hours
548,Brittany Scott,801-39-6599,"756 Mendoza Lakes
Port Randyfurt, IA 35837",N,hours
549,Joshua Myers,563-86-3702,"0151 Brian Terrace Suite 415
Brookechester, UT 11042",N,hours
550,Zachary Taylor,283-96-7036,"9247 Bridges Via Suite 278
North Brianmouth, PA 44920",Y,miles
551,Bradley Cohen,588-93-9351,"54228 Sanchez Extensions
North Jenniferberg, AK 29201",N,miles
552,Sarah Smith,853-90-9056,"338 Kimberly Islands
East Sarah, KS 28546",N,hours
553,Nathaniel Archer,457-51-2078,"195 Hughes Pass
Melaniefurt, OR 24862",Y,hours
554,Joseph David,541-66-0903,"105 West Cliff Apt. 893
New John, AS 26267",N,hours
555,Victor Schultz,051-92-2036,"581 Mcgrath Field
East Katherine, MT 53143",Y,hours
556,William Turner,338-58-2965,"1508 Julia Rapids
Matthewton, NE 09087",N,miles
557,William Roth,794-97-2507,"444 Walls Walk
Chapmanview, VI 48367",Y,hours
558,Elizabeth Torres,126-71-1586,"44290 Billy Rapid
New Holly, MI 87459",N,miles
559,Allison Travis,489-64-1790,"2791 Myers Mills
West Bradmouth, NC 48147",Y,hours
560,Ronald Robles,147-29-6410,"604 Richard Manors
Lake Cheyenneton, AS 42175",Y,hours
561,Barbara Richardson,399-24-9906,"538 Jessica Villages Apt. 970
New Jon, OH 69169",N,hours
562,Wayne Hart,644-06-1490,"78253 Roberts Canyon Suite 892
Williamsshire, AR 62682",N,miles
563,Brandon Wyatt,634-53-2177,"26399 Hendrix Radial Suite 779
Muellerport, NH 50707",Y,hours
564,Virginia Lee,587-01-7908,"USNS Benson
FPO AA 12664",N,miles
565,Tyler Wu,709-13-1730,"75557 Castaneda Junctions Apt. 058
North Sherry, AS 34558",N,miles
566,Thomas Campbell,070-87-2080,"668 Natasha Camp Apt. 567
East Nicholasbury, SD 70314",Y,hours
567,Edward Chen,676-93-7792,"09895 Janet Plain Apt. 073
North Jerry, FL 20800",Y,hours
568,Adam Vaughn,551-61-2727,"86210 Maureen Isle Apt. 094
North Madeline, VI 62485",Y,miles
569,Jessica Grant,503-59-8087,"817 Kathleen Trafficway Suite 712
East Julie, MT 95502",N,miles
570,Robert Singh,445-74-7027,"2444 Hess Meadow Apt. 502
South Susanville, SC 46327",Y,miles
571,Tammy Russell,484-55-1648,"127 William Shores
Kellyside, MD 26380",N,hours
572,Joan Bryan,180-99-5332,"6051 Cheryl Stravenue Apt. 634
West Pennyside, AL 78668",Y,miles
573,Krystal Johnson,491-36-5413,"46471 Thomas Streets Suite 168
Robertsmouth, RI 55759",Y,hours
574,Timothy Benson,243-21-3111,"633 Bates Cliffs
Gillespietown, VI 06566",Y,hours
575,Kenneth Clark,272-82-4535,"Unit 4709 Box 0361
DPO AP 61873",Y,miles
576,Steven Mullins,536-65-4188,"41917 Holly Cove
Douglasport, MD 65417",N,hours
577,Debbie Hoffman,465-54-6561,"387 Hudson Wall Suite 165
Catherineland, WA 40276",N,hours
578,Adam Greene,318-45-6396,"Unit 1437 Box 0077
DPO AA 30550",Y,miles
579,Peter Fisher,734-98-6858,"46540 Larsen Fields
Fernandezmouth, NY 62237",Y,miles
580,Zachary Ward,757-56-2484,"519 Philip Alley Apt. 047
East Juanbury, IN 68490",N,miles
581,Denise Gonzalez MD,487-66-2721,"4229 Bailey Views
Sarahton, ID 01675",Y,miles
582,Michael Conway,589-48-5096,"7759 David Ports Apt. 036
Port Andrewhaven, WA 87853",Y,hours
583,Sarah Church,145-46-7034,"2651 Christopher Loaf
Kenttown, AL 19157",N,hours
584,Hannah Thompson,197-99-5374,"822 John Spurs
Port Caitlin, TX 04332",N,miles
585,Amy Miranda,883-23-4531,"USS Glass
FPO AA 36767",Y,hours
586,David Larson,508-02-0867,"PSC 2996, Box 1328
APO AE 78230",Y,miles
587,Shelley Johnson,878-99-5062,"197 Perkins Parkways Apt. 775
South Robert, AL 07698",N,miles
588,Pamela Morris,093-03-3193,"1967 Washington Street
Cummingschester, CO 52549",N,miles
589,Amanda Robinson,184-68-1518,"PSC 5966, Box 2861
APO AE 92266",N,hours
590,Bradley Morgan,505-92-6017,"0451 Cooper Cliff
Seantown, NJ 29221",N,hours
591,Robert Walker,782-51-6003,"22211 Barker Crossing Apt. 604
Lake Sara, IL 39849",N,miles
592,Phyllis Romero,404-37-9546,"6340 Thompson Junction
Port Jeffrey, AL 11008",N,hours
593,Joe Walker,586-55-6335,"0645 Simon Path
Garciaview, SD 55992",Y,hours
594,Jeffery Anderson,048-33-2751,"66548 King Fields
New Amy, MP 50437",Y,miles
595,Joanna Robinson,489-95-8042,"447 Wolf Streets
Morenobury, WI 99318",N,miles
596,Nathan Davis,713-26-7773,"USCGC Flores
FPO AA 01116",N,hours
597,Megan Weber,731-55-7884,"6291 Mcdaniel Gardens
East Lori, ND 81676",Y,hours
598,Sean Colon,872-93-1708,"Unit 8533 Box 6011
DPO AA 11136",N,hours
599,Aaron Cook,122-68-5928,"5277 Wheeler Drives Suite 905
Williamsmouth, VA 73072",N,miles
600,Michael Casey,771-81-3422,"25174 Rogers Mount
North Richard, WI 79355",N,miles
601,Shannon Benitez,076-98-3572,"07973 Martinez Mountain Apt. 292
West Angelaview, MA 19430",N,hours
602,Jacob Townsend,265-92-4065,"747 Valdez Mill Suite 500
Lake Heatherstad, IL 47592",N,miles
603,Jennifer Bender,397-11-2263,"077 Samuel Fort Apt. 498
Lauraberg, MD 32687",Y,hours
604,Eddie Roman,886-57-7508,"361 Brock Shoals Apt. 707
Robertstown, IL 05979",Y,miles
605,Jack Strickland,253-86-5328,"155 Andrea Port
West Patricia, CO 40948",Y,miles
606,Michele Frank,174-03-6422,"5411 Mary Brook
Hernandezville, AR 46573",N,miles
607,Vanessa Gaines,435-06-0499,"65382 Ronald Trail
East Jayburgh, UT 58347",Y,miles
608,Nathan Murphy,706-85-2148,"USNS Blankenship
FPO AA 55126",Y,miles
609,Craig Jones,102-63-1063,"65670 Jackson Bridge Suite 076
Michaelfurt, CA 87502",N,miles
610,Dawn Thompson,616-81-6985,"587 Russell Divide
North Catherine, OK 17557",Y,miles
611,Matthew Booker,601-01-0010,"Unit 5286 Box 2338
DPO AP 89139",Y,hours
612,Ashley Mcclain,558-75-5830,"USS Moore
FPO AA 98907",Y,hours
613,Joshua Johnson,363-14-6118,"01650 David Roads Suite 957
North Matthew, VI 20599",N,hours
614,Calvin Torres,853-87-7695,"71460 Reed Estate Suite 182
North Steven, WA 17748",Y,miles
615,William Peters,579-75-0015,"703 Michael Haven
Edwardsville, IA 88383",Y,hours
616,Deborah Frazier,538-78-0466,"08052 Perry Ports
Brendafort, ME 38307",Y,hours
617,William Powers,319-30-3489,"233 Edwards Hills
Callahanfort, CA 08170",N,miles
618,Andrew Collins,475-88-1362,"47094 Martin Rest
Lake Williamberg, VA 03429",N,hours
619,David Morris,258-82-1580,"060 Bobby Glen
Alexanderview, MO 11612",Y,miles
620,Juan Wright,345-85-6542,"2928 Jeffrey Walk Suite 556
Bowmanfurt, KY 04437",Y,miles
621,Jonathan Arnold,671-41-3197,"5935 Smith Rapid Apt. 180
Port Sara, MD 49350",Y,miles
622,Anthony Barrett,308-24-4040,"09136 Spencer Burgs
Dillonport, DE 47318",Y,miles
623,Kim Smith,108-64-8574,"91332 Devin Forges Apt. 774
Adamsville, WI 95504",N,miles
624,Gabriel Adams,124-87-5994,"95426 Griffin Heights Apt. 559
New Lindsay, DC 27481",Y,miles
625,Shane Hester,380-02-9589,"38892 Brittany Mission
Kennethfort, WY 06176",Y,miles
626,Heidi Wells,723-40-7665,"50675 Diana Vista Suite 707
East Derek, AR 45788",Y,hours
627,Jennifer Burke,628-85-5978,"51922 Schneider Avenue Apt. 846
Johnathanstad, LA 00598",Y,hours
628,William Schmitt,549-93-7344,"5706 Zachary Branch
Frankton, IN 35532",Y,miles
629,Jacqueline Mann,792-01-3565,"3407 Jennifer Ford
New Billyfort, WV 81567",N,hours
630,Darin Snyder,072-04-8011,"6737 Robin Forges Apt. 712
North Craigville, AL 94558",Y,miles
631,Michael Orozco,636-52-2446,"26011 Robert Ridges Suite 152
West Melissa, OR 82358",N,hours
632,Arthur Short,532-41-9746,"580 Spears Turnpike Suite 292
Torresside, OK 09585",N,hours
633,Manuel Villanueva,790-71-7266,"402 Guerra Unions Suite 222
Lake Katherine, MI 49040",Y,miles
634,Benjamin Simmons,316-91-2033,"16129 Heather Land Apt. 998
Port Zachary, MH 67256",N,hours
635,Donald Gonzalez,588-38-7125,"4052 Taylor Mountains Apt. 326
Rosalesberg, CO 64371",Y,hours
636,Karen Obrien,477-05-1319,"94141 Samuel Estate Suite 071
Marciashire, FL 62987",Y,miles
637,Logan Gonzales,366-94-7290,"07389 Miranda Loaf Suite 309
Hallhaven, AR 97342",N,hours
638,Jennifer Bell DVM,659-47-2587,"73575 Jesus Divide
Tinaland, CA 54393",N,miles
639,Karen Porter,759-97-1812,"0328 Mcbride Ferry
Jeremybury, MH 36377",N,hours
640,Kelli Bass,437-22-1466,"8915 Rose Ways Suite 370
Patrickchester, UT 16092",Y,hours
641,Casey Berry,363-94-9462,"4918 Justin Stravenue
Perrystad, GU 48356",N,miles
642,Emily Spencer,314-71-9247,"1965 Schwartz Pines
Gavinstad, OK 07281",Y,hours
643,Frank Phelps,295-60-3619,"0341 Gabriel Avenue
Catherineport, VA 11845",N,miles
644,Aaron Duncan,113-58-2526,"00164 Rachel Orchard Suite 597
Thompsonmouth, KS 16643",N,miles
645,Joseph Holmes,871-42-4849,"32746 Mark Forges Apt. 539
Antoniomouth, ID 91263",Y,miles
646,Jeffery Meyer,617-76-7471,"USS Gray
FPO AA 17002",Y,miles
647,Jason Harrison,350-75-0306,"239 Denise Village Apt. 968
Myersbury, ME 87865",Y,miles
648,Joshua Chavez,683-84-9774,"905 Theresa Stream Suite 544
Johnsonborough, CA 99439",N,hours
649,Todd Huff,548-90-6531,"700 Hamilton Path Apt. 771
North Crystalport, UT 50040",Y,miles
650,Monica Barnes,156-83-2720,"82529 Tammy Spur
Andersonburgh, MI 44158",Y,hours
651,Alvin Taylor,612-12-1874,"97959 Stephanie Ports Apt. 211
West Hollyfurt, MS 32596",N,miles
652,Toni Rhodes,427-43-0627,"642 Jennifer Fords
Kevinfurt, AZ 72464",Y,miles
653,David Taylor,477-09-9858,"870 Teresa Pine
Leestad, MI 66512",Y,hours
654,Robert Lambert,604-88-3008,"54755 Aguilar Courts
Port Melissa, AR 26942",N,miles
655,Lynn Green,643-65-7968,"420 Lisa Trace Apt. 508
Kathleenfurt, MA 73540",Y,miles
656,Nathan Navarro,584-80-2568,"7250 Christopher Throughway Apt. 322
New Michaelville, KY 04504",N,hours
657,Ann Zavala,814-68-5679,"43424 Stephen Village
Johnsonchester, MP 14714",Y,miles
658,Jennifer Smith,219-66-1373,"1554 Rachael Gardens Suite 608
Patelland, ID 99942",Y,miles
659,Ryan Crane,519-53-1768,"7435 Tiffany Fork
East Paulchester, WV 27161",Y,hours
660,Nathan White,381-83-5983,"5506 Troy Valleys Apt. 471
Nathanielport, NE 89853",Y,hours
661,Cynthia Sims,186-48-9006,"680 Brian Corner
Lake Hayley, WV 09539",Y,miles
662,Kyle Williams,427-45-7874,"7578 Schultz Course Suite 743
South Craig, AS 04498",N,hours
663,Timothy Bowman,405-91-7236,"929 Marissa Heights
Michellemouth, MH 21964",N,miles
664,Wesley Ramirez,505-60-0550,"4680 Kelley Land
East Eduardo, TX 10489",Y,hours
665,Jenna Fernandez,875-78-2269,"1284 Erin Trail Suite 032
Edwardsmouth, PA 69748",N,hours
666,Annette Mclaughlin,483-09-3094,"13671 Campbell Viaduct
Ashleyburgh, LA 96955",N,hours
667,Christine Villa,019-64-4938,"1446 Nathaniel Locks Apt. 007
Halechester, TX 54370",Y,miles
668,Shawn Thomas,584-26-4331,"8901 Juarez Parkways Apt. 308
Port Christina, GU 87146",N,miles
669,Jennifer Johnson,150-59-4044,"0896 Dustin Cove Apt. 296
Caseyland, KY 42416",N,hours
670,Sarah Berry,665-03-8212,"USNV Jackson
FPO AP 49599",N,miles
671,Dr. Christopher Jones,172-29-0854,"Unit 2875 Box 7896
DPO AE 25881",Y,hours
672,Diane Graves,564-16-3863,"USNV Gonzalez
FPO AA 57861",N,miles
673,Monica Gilmore,199-76-3267,"2955 Laura Park Suite 247
North Henry, CA 26772",N,miles
674,Jennifer Morris,516-65-9740,"9499 Jonathan Loaf Suite 293
New Jeff, IN 90033",Y,hours
675,Jasmin Andersen,346-48-0680,"34234 Curry Hills
Vanessaview, IL 40411",N,miles
676,Sarah Holland,699-03-0025,"3549 Edward Loaf Suite 191
Jessefort, NE 42015",Y,hours
677,Darryl Rogers,103-82-9043,"724 Maria Skyway
Lynchview, CT 93098",Y,miles
678,Richard Whitehead,270-58-9938,"3957 Heather Run
Davidchester, MA 37004",Y,hours
679,Anita Miller,353-51-1372,"7899 Diana Islands Suite 661
Schneiderborough, NY 40309",N,hours
680,Andrew Anderson,738-38-3514,"76433 Ruiz Mountain
West Mathew, NJ 40453",Y,hours
681,Barbara Spears,029-95-8536,"08830 Vanessa Row Suite 637
West Jeremy, HI 00574",N,miles
682,Tiffany Adkins,372-09-5881,"2074 Vincent Brook
Erinfort, AS 38088",Y,miles
683,Erika Trujillo DDS,758-35-3438,"7714 Sharon Village
North Monica, TN 35426",Y,hours
684,Karen Duke,371-96-6847,"7434 Dylan Parks
East Lisa, MP 70722",N,hours
685,Natalie Hahn,581-79-4801,"775 Jackson Turnpike Apt. 562
New Andrea, MD 29940",N,miles
686,Catherine Elliott,483-40-6143,"Unit 4858 Box 5850
DPO AE 29032",N,hours
687,Tyler Diaz,880-94-6735,"9781 Wade Roads Suite 687
East Tabitha, MS 34194",N,miles
688,Lisa Obrien,811-30-8664,"4869 Acosta Union
East Angelicahaven, KS 16156",N,miles
689,Adrienne Fields,463-02-4991,"4698 Joshua Drive Apt. 261
Andrewsstad, MT 66076",Y,hours
690,John Martinez,715-04-7900,"USNV Kelly
FPO AE 64936",Y,hours
691,Richard Miller,803-05-5161,"PSC 0477, Box 6504
APO AP 87082",Y,miles
692,Veronica Blanchard,120-17-3836,"34391 Kaitlin Green
Jessicaport, MS 55300",N,hours
693,Todd Hernandez,082-14-3827,"021 Jeffrey Drives
Higginsland, NE 26765",Y,miles
694,Nicholas Morgan,728-51-7693,"5717 David Mall
New Victoria, WY 39364",Y,miles
695,Katrina Coleman,063-38-1281,"73936 Maureen Meadow
West Max, ID 63441",N,hours
696,Don Bryant,575-10-5457,"335 Henderson Port Suite 009
Cruzfurt, CO 71297",Y,miles
697,Gina Nelson,468-21-5989,"0200 Natalie View Apt. 176
North William, MD 81292",Y,hours
698,Michelle Valdez,266-27-9786,"PSC 4599, Box 0840
APO AP 52248",Y,hours
699,Anne White,769-14-2407,"059 Joyce Tunnel
South Samuel, WY 38399",N,hours
700,Sherry Harris,622-95-9466,"082 Church Track Apt. 623
South Emilychester, PA 44347",Y,miles
701,Elizabeth Thomas,227-67-5521,"819 Cook Brooks
Port Amanda, MH 15707",Y,miles
702,Marcus Price,258-30-3536,"1775 Smith Fork
Fernandezport, WI 47209",Y,miles
703,Rebecca Stephenson,720-77-3776,"42159 Christina Vista
Lake Lisa, IL 27014",N,miles
704,Micheal Curtis,183-52-1130,"2919 Chambers Passage
Palmerburgh, TX 51961",Y,hours
705,Lindsay Little,446-46-1556,"9999 Angela Villages
East Nathanside, OH 55580",Y,hours
706,Nicole Mcdowell,121-07-0825,"PSC 6174, Box 9849
APO AE 50415",Y,hours
707,Yvonne Boyd,589-80-7928,"4726 Katrina Turnpike Suite 531
Moniquechester, SD 21620",Y,miles
708,David Smith,029-04-0997,"USNS Johnson
FPO AP 86094",N,hours
709,Kathleen Smith,255-17-8654,"87673 Melinda Pines
New Heather, MA 27747",Y,hours
710,Michael Elliott,153-95-5917,"6277 Perkins Orchard Apt. 535
Danielhaven, NM 49643",Y,hours
711,Charles Reese,491-80-0859,"82683 Carrie Roads Suite 754
Coopershire, SC 08092",N,miles
712,Tina Stout,690-55-1599,"PSC 9538, Box 4987
APO AP 71455",N,miles
713,Robin Brown,148-38-9619,"135 Richardson Falls
East Shelley, IL 47482",Y,miles
714,Nathan Hill,188-02-0898,"43292 Nelson Canyon Apt. 982
New Stephanieburgh, AR 23849",N,miles
715,Jonathan Donaldson,563-13-8834,"187 Johns Common
Robertview, GA 07080",Y,miles
716,Miss Shannon Marquez,576-03-3027,"443 Brooke Greens
North Tammyville, NE 54113",N,hours
717,Carrie Case,411-68-2574,"95345 Heather Grove Suite 474
South Courtney, NE 24322",Y,hours
718,William Brown,689-39-9502,"51269 David Square
Port Pamela, NV 33428",N,miles
719,Jody Mckee,696-17-8850,"62723 Trevino Lake
Port Jaredburgh, KS 72416",N,hours
720,Randall Smith,372-36-2519,"Unit 8821 Box 3052
DPO AA 39354",Y,hours
721,Kenneth Myers,519-20-0218,"57373 Bird Bypass
Zacharymouth, NC 84420",Y,hours
722,Erica Booth,843-52-6786,"12956 Christine Drive Apt. 263
East Robinport, OH 70949",N,miles
723,Marvin Hodge,434-43-7084,"5111 Dean Point
West David, GA 40995",N,miles
724,Heather Mclaughlin,410-05-1797,"0603 Megan Lane Suite 390
Port Amandaview, VA 68218",Y,miles
725,Thomas Reynolds,753-99-0928,"48469 Lewis Glen Apt. 201
West Ericburgh, KY 67327",N,hours
726,Jennifer Martin,233-26-1058,"546 Laura Drive Apt. 560
West Sydneystad, WA 87166",N,miles
727,Carol Simon,004-16-1773,"USNV Lindsey
FPO AE 58090",N,miles
728,Raymond Graves,604-48-0356,"Unit 4158 Box 2419
DPO AP 75507",Y,miles
729,Collin Castillo,848-66-8611,"571 Gilbert Meadow Suite 618
Port Heather, AZ 88788",Y,miles
730,Lisa Wilkins,756-26-9122,"12898 Obrien Crest Apt. 548
South Stephanie, OH 90781",N,hours
731,Todd Romero,799-79-0641,"0987 Torres Point
North Denisefurt, CA 71301",N,hours
732,Jacqueline Brown,267-31-5794,"5411 Ronald Groves
North Christopher, NE 50398",Y,hours
733,Shannon Bishop,742-62-1640,"98966 Myers Cliff
Lake Traciborough, UT 87875",Y,hours
734,Sonia Brown,422-80-9552,"3220 Lyons Cliffs Suite 931
North Joelland, PR 67427",N,hours
735,Kristin Martinez,374-90-4992,"5295 Warren Circles Suite 253
Johnberg, PW 45504",N,miles
736,Brian Turner,703-73-7780,"42194 Christopher Mews
North Amy, MS 70100",N,miles
737,Vanessa Higgins,756-36-8832,"8497 Joseph Knoll
Holtport, OK 84192",Y,miles
738,Tony Martinez,324-59-0094,"90757 Tiffany Mountain
West Davidbury, MD 81466",N,miles
739,Andrew Jordan,177-07-2872,"854 Julie Cape
Gilbertland, CT 58928",N,miles
740,Nathan Ramirez,628-65-2642,"014 Ryan Bypass Suite 522
Jeremyton, NJ 39579",N,miles
741,Charles Mccormick,871-53-6259,"28333 Jacobs Keys
Martinezton, AZ 43968",N,hours
742,Alexander Smith,215-99-6619,"2940 Michael Glen Suite 764
Nataliefurt, AK 24190",Y,miles
743,Alex Mitchell,159-21-0885,"264 Ward Walk Apt. 475
East Timothyport, DC 80503",N,miles
744,Mary Powell,013-80-2643,"2502 Shelia Meadows
East Danaside, AR 09206",N,miles
745,Kimberly Adams,187-38-3144,"10467 Tyler Villages
Wilsonville, TX 54477",Y,miles
746,Matthew Haynes,372-30-1153,"1383 Tina Court
East Jessica, WY 04749",N,miles
747,Katelyn Martinez,475-86-1134,"79756 Richards Corner
Perezmouth, CA 25154",N,hours
748,Laurie Sanders,210-30-3321,"268 Jessica Trail
Lake Alisonport, MS 49343",Y,miles
749,Melissa Duran,730-32-7597,"44829 Bennett Mission Suite 190
Moniquestad, KY 62595",N,hours
750,Roger Henderson,473-97-6679,"40991 Guzman Street
North Andrewbury, KY 91865",Y,hours
751,Patrick Smith,879-20-3614,"499 Hudson Rest Suite 459
Amymouth, TN 81406",N,miles
752,Mrs. Samantha Phillips,202-48-7789,"USCGC Elliott
FPO AE 57279",Y,hours
753,Bobby Hood,254-93-4920,"3854 Baker Islands Suite 466
West Daniel, NY 99597",Y,miles
754,Brent Anderson,674-93-1697,"38558 Jackson Brook
North Christie, RI 38946",Y,miles
755,Robert Yang,141-65-2286,"2035 Jennifer Junctions
Alexandraland, AL 22409",N,hours
756,Tonya Perry,458-80-0234,"0466 Oconnor Lane
West Ryan, FM 71191",N,hours
757,Jordan Cox,094-80-0902,"966 Teresa Key Apt. 944
Port Elizabeth, WA 12280",Y,miles
758,Jessica Baker,553-65-1564,"Unit 9181 Box 6050
DPO AE 80331",Y,hours
759,James Phillips,702-23-5712,"231 Patterson Pike Apt. 707
Port Andrew, OR 39830",Y,miles
760,Chad Rodgers,533-16-4818,"672 Melissa Fort
North Jeremyside, TX 40426",N,hours
761,Jennifer Robinson,120-07-4513,"79566 Jason Squares
Hannahview, GU 58094",Y,hours
762,James Munoz,068-07-8495,"116 Monique Prairie Suite 320
South Heatherborough, ME 97032",N,hours
763,Deborah Green,323-48-8039,"66659 Sean Turnpike
Bartonchester, OR 70901",N,hours
764,Valerie Webb,724-58-1080,"83755 Buck Mountain
Howellburgh, VT 04212",Y,hours
765,Jennifer Walton,143-64-9573,"37351 Good Common Suite 695
Lake Emilymouth, VI 89428",Y,miles
766,Jimmy Spence,840-88-4076,"848 Brown Parkway
Laurashire, MH 41204",N,miles
767,Charles Williams,832-11-1961,"USCGC Mayer
FPO AE 78719",N,hours
768,Rodney Lee,344-93-7523,"71923 Debbie Rue
Blackburnbury, VA 86985",N,hours
769,Rhonda Mendez,600-67-3843,"4583 Bailey Island
South Laura, MA 86496",Y,hours
770,Scott Johnson,196-70-5153,"571 Mcclure Summit
New Lisatown, MN 51512",Y,hours
771,Stephanie Welch,824-28-8366,"405 Tran Oval
North Thomas, KY 81274",Y,miles
772,Felicia Walters,614-11-2113,"USS Morrison
FPO AE 84326",Y,miles
773,Marcus Garcia,039-47-4624,"629 Thomas Field Apt. 901
Ryanchester, MN 29159",Y,miles
774,Ashley Williams,261-39-3200,"PSC 8483, Box 3057
APO AA 48447",N,hours
775,Teresa Haley,078-99-1426,"8654 Sharon Shoals Apt. 714
East Bridget, WY 28451",N,miles
776,Edgar Lopez,144-77-3865,"55001 Barker Stream Suite 142
New Christopher, IN 70696",Y,miles
777,Corey Morales,210-85-4783,"61476 Harris Brooks Apt. 001
East Williamland, OK 18437",Y,hours
778,Paul Smith,334-71-2211,"Unit 3438 Box 8087
DPO AA 60375",N,miles
779,Daniel Singh,003-73-0925,"47320 Norris Island Suite 546
New Amberport, MT 79126",N,miles
780,Catherine Hughes,440-56-1480,"402 Robert Port
South Kimberly, NC 03480",N,miles
781,David Avila,257-86-5677,"9633 James Track
East Melissa, PA 35329",Y,miles
782,Ronald Randall,457-80-0023,"215 Roman Land
East Teresaton, SC 44640",N,hours
783,William Evans,667-14-5177,"57935 Margaret Passage Suite 239
New Kevinmouth, NM 12172",Y,hours
784,Donald Hancock,896-81-2226,"378 Clayton Coves Apt. 956
Bryanstad, MN 63139",Y,miles
785,Sophia Wallace MD,427-25-2536,"61066 Sampson Locks Suite 253
Andreashire, WY 63651",N,miles
786,Ashley Campbell,769-66-0129,"735 Louis Terrace
West Alexanderhaven, CA 32978",N,miles
787,Joseph Campbell,650-91-6040,"62360 Patricia Trail Apt. 044
Jerryburgh, UT 84984",Y,hours
788,Robert Hill,786-48-0734,"507 Anthony Curve
South Derrick, SD 23060",N,miles
789,Patricia Singh,106-83-1268,"0842 Schmidt Oval
Lauraton, NH 45844",Y,miles
790,Kimberly Walker,014-02-5403,"47982 Cooper Mountain
Brownland, FL 01061",Y,miles
791,Adam Jenkins,549-24-5228,"273 Ariana Square
Gentrytown, DE 45488",N,hours
792,Linda Martinez,672-30-3902,"8211 Jennifer Hill
North Robert, ND 36834",Y,hours
793,Jacob Wallace,480-27-3049,"4729 Jacqueline Alley Suite 582
Medinaville, IA 21748",N,hours
794,Adam Reeves,315-17-7242,"53824 John Freeway Apt. 215
North Brooke, AS 63628",Y,miles
795,Timothy Johnson,863-84-5436,"218 Reese Stravenue
Justinbury, OH 71333",Y,miles
796,Andrew Duran,557-74-5786,"29024 Richard Circle Apt. 094
Smithside, WY 77673",Y,miles
797,Gabriel Ortega,315-66-0925,"9765 Diana Crescent
West Kimberly, WV 61563",Y,miles
798,Eric Walsh,692-81-3019,"368 Cortez Spring Apt. 947
Donnabury, ID 38404",N,miles
799,Christopher Chambers,257-32-3298,"2948 Mark Oval Suite 144
Bradymouth, CT 66658",Y,hours
800,Todd Miller,266-52-9237,"1878 Owens Via Apt. 234
East Kevintown, PW 24540",Y,miles
801,Travis Smith,765-82-8037,"310 Jon Haven
Johnsonbury, CA 45688",Y,hours
802,Christopher Buckley,890-08-3076,"02787 Kathryn Hollow
East Maryhaven, MT 18771",N,miles
803,Eric Jones,248-89-1404,"611 Osborn Forest Apt. 127
Lake Karina, OK 69328",N,hours
804,Karen Lewis,292-93-9136,"3202 Eileen Villages Apt. 789
Lake Kaylamouth, ID 13787",Y,hours
805,Natalie Sharp,312-35-7908,"165 Calderon Passage Suite 854
Johnsonborough, MO 12081",N,miles
806,Donald Gomez,409-78-9013,"07563 Amy Vista
Danielton, WV 27174",N,hours
807,Brian Hendricks,376-65-5804,"PSC 2915, Box 2612
APO AE 45324",Y,miles
808,Penny Bolton,737-13-3941,"965 Donna Circles Apt. 414
Jerometon, PR 68822",Y,miles
809,Sarah Webb,488-39-9411,"PSC 7781, Box 3359
APO AA 87176",Y,miles
810,Leroy Cooper,372-15-8479,"09720 Hinton Springs
North Thomasburgh, RI 62184",Y,hours
811,Roberto West,530-85-8242,"Unit 7600 Box 5900
DPO AA 02380",N,hours
812,Virginia Page,105-90-5791,"034 Ashley Ways Suite 423
South Jenna, MD 94178",N,hours
813,Jenna James DDS,245-13-9970,"396 Andrea Spurs
West Cynthia, PA 11350",N,hours
814,Tiffany Payne,421-63-8752,"1038 Collins Lane
New Josephfurt, VT 95357",N,hours
815,Joe Jacobs,414-18-0764,"USNS Watts
FPO AP 07909",N,miles
816,Dale Brooks,518-04-9781,"8412 Olivia Causeway Suite 786
North Lindaburgh, ME 56551",Y,hours
817,Randall Woodward,584-04-1513,"Unit 1726 Box 1253
DPO AA 95144",N,miles
818,Justin Morris,714-79-6324,"357 Gibson Square Suite 727
Robertschester, LA 07104",Y,miles
819,Julie Johnson,155-32-1808,"836 Daniel Haven Suite 677
Destinyburgh, OH 67400",Y,hours
820,Elizabeth Hoffman,833-59-6506,"407 Jennifer Mountain
Heatherside, WV 06895",Y,hours
821,Mrs. Krista Boyd,285-26-7205,"92473 Ramos Flat Apt. 202
Olsonborough, SD 59003",Y,miles
822,Christopher Hancock,594-09-8699,"281 Alicia Shore
Susanmouth, MA 94589",Y,hours
823,Richard Tate,489-86-4759,"9728 Lisa Trail
New Dakotafort, ID 20139",N,miles
824,Samantha Thomas,186-26-2812,"USNS Robertson
FPO AP 85328",N,miles
825,Julie Foster,516-23-1263,"048 Gomez Club
Drakechester, PA 82812",N,miles
826,Mrs. Jennifer Hill DDS,556-60-9835,"417 Thompson Gateway
East Jillview, PR 95762",Y,hours
827,Heather Stokes,835-37-0743,"756 Darius Oval Apt. 134
West Jacqueline, WA 71000",N,hours
828,David Villanueva,103-05-2468,"406 Jessica Lake
South Derek, WV 76020",Y,miles
829,Ronald Hicks,331-21-0463,"8075 Rogers Lane Apt. 113
New Caseyfurt, WY 64835",Y,miles
830,Joseph Lowe,834-67-0275,"2523 Williams Prairie Apt. 091
Port Cameronland, KY 07092",Y,miles
831,April Robbins,513-31-3804,"6159 Wagner Parkways
East Laurenmouth, ND 92622",Y,hours
832,Amanda Patterson,631-63-4039,"656 Guerrero Extension Suite 690
Marktown, ID 53116",N,hours
833,David Harper,433-97-4170,"35802 Tyler Walks
East Matthew, AK 44540",N,hours
834,Cheryl Wiley,775-96-2214,"9671 Mary Burg Suite 399
Fordborough, OK 39013",Y,hours
835,Eric Park,728-65-4081,"73176 Trevor Center Suite 351
South Patrick, KS 24112",N,hours
836,John Montgomery,235-05-3510,"18611 Wolf Mountains Apt. 818
South Samuel, UT 45485",N,hours
837,Ian Bass,694-78-0018,"83008 Patrick Terrace Suite 113
East David, WA 49205",N,hours
838,Eric Jackson,321-39-9694,"57685 Hill Plain Apt. 920
Port Ryanport, RI 21302",N,miles
839,Kimberly Hunt,271-61-3665,"0556 Monroe Harbor Apt. 122
Russobury, OR 82009",Y,miles
840,Emily Jones,633-13-6892,"9161 Waters Harbors
Lake Jeffrey, CA 19923",N,hours
841,Nicole Blankenship,639-57-0132,"5946 Bradley Walks Suite 089
Lake Alan, AL 39270",Y,hours
842,Shawn Barton,174-96-7828,"8976 Ayala Lodge Suite 564
East Jenniferland, GU 44003",N,miles
843,Steven Mack,075-48-9494,"4476 Michael Springs Suite 269
South Aaronside, AL 31852",N,hours
844,Shawn Mosley,855-59-2997,"53618 Mcguire Orchard
Millerside, MP 77093",N,miles
845,Eric Blair,678-62-6533,"4209 Fox Knoll Apt. 446
West Jordanfurt, GU 95440",N,hours
846,Shari Terry,616-29-5153,"USCGC Leblanc
FPO AA 83606",N,hours
847,Hannah Whitney,813-54-5289,"949 Mccormick Key
Weavertown, IL 98885",N,hours
848,Adam Graves,670-38-0662,"49536 Lowe Station Apt. 086
Anthonyshire, UT 08324",Y,hours
849,Gloria Walker,236-92-0756,"4775 Katelyn Views
South Cindyland, AK 14031",N,miles
850,Susan Tate,849-77-9466,"3947 Fuller Burg Suite 023
East Joshua, NC 08835",Y,hours
851,Joseph Hunter,320-19-6279,"20642 Johnson Ridges Apt. 861
Susanborough, TX 69846",N,miles
852,Kayla Gamble,165-90-1397,"2999 Gonzalez Harbor Apt. 564
Erikfort, CA 09925",Y,hours
853,Olivia English,696-24-1656,"4146 Ayala Stream Suite 063
Nelsonchester, GA 87669",N,hours
854,Tracy Kim,497-11-6104,"71181 Clark Keys
East Paulachester, NJ 80159",Y,hours
855,James Lee,853-67-8502,"17563 Jeremy Drive
South Arthurville, MO 80767",Y,miles
856,Mr. Timothy Nicholson PhD,121-04-9036,"6679 Justin Route
Larrybury, NH 43731",N,miles
857,Tiffany Cunningham,618-34-9742,"83091 Kevin Mall
Reeseview, NY 03044",N,miles
858,Matthew Parsons,858-19-6030,"8180 Fuller Station Apt. 600
West Lauraborough, FL 21279",N,miles
859,Gene Love,008-85-9582,"14760 Jennifer River Suite 909
East Jocelynchester, MD 44287",N,hours
860,Teresa King,545-07-5514,"52671 Ward Extensions Apt. 437
Michaelstad, VT 53004",N,miles
861,Stephanie Mason,746-13-0227,"60262 Christopher Passage
Smithberg, NE 13543",Y,hours
862,Jessica Ryan,387-16-7918,"39912 Franklin Burg
New Jenniferport, TN 84545",N,hours
863,Danielle Cain,158-52-6882,"742 Wright Square Apt. 537
North Louistown, OK 16744",Y,hours
864,Timothy Anderson,817-84-6485,"41515 Carter Views Suite 229
Anthonybury, MO 54470",Y,miles
865,Sarah Wilson,836-90-1463,"24241 Chelsey Dale Apt. 154
Danielfort, KY 74520",N,miles
866,Joseph Wells,235-33-3827,"38258 Jones Springs
Lake Allisonview, PR 95562",N,hours
867,Grant Perez,074-70-7530,"39993 Bauer Ridges
Port Tina, IA 04693",N,hours
868,David Faulkner,017-07-8391,"63928 Jones Land
Port Richard, VT 73175",N,miles
869,James Smith,753-65-6679,"886 Sanders Village Apt. 110
North Raymond, LA 14029",Y,hours
870,Sandra Weeks,622-82-8903,"Unit 6501 Box 4828
DPO AA 21146",N,hours
871,Amy Taylor,017-31-3441,"550 Gutierrez Mountain Apt. 006
South Shannonville, NH 25248",N,hours
872,Grant Moreno,620-08-3949,"PSC 9966, Box 7242
APO AE 37907",N,miles
873,Bryan Miller,469-63-1526,"1132 Kimberly Mission
East Jonathan, IN 05546",N,miles
874,Christopher Weeks,049-31-4512,"6667 Susan Divide Apt. 364
North Rebeccaton, MT 98169",N,hours
875,Christopher Ward,679-03-7092,"5138 Mcdonald Locks Apt. 070
Lake Karentown, SC 41354",Y,miles
876,Christina Howell,178-83-7691,"14952 Ortega Drive Suite 777
New Miamouth, VI 29246",Y,hours
877,Andrea Anderson,736-20-9826,"4122 Choi Loaf
East Christopher, WY 92491",Y,miles
878,Patricia Johnson,081-45-7801,"22288 Christensen Turnpike
Michaelville, MT 13656",Y,miles
879,William Garza,594-09-8140,"2708 Hill Mission Apt. 193
Port Amy, MD 85312",N,miles
880,Travis Grant,059-99-2563,"50659 Dana Lodge
Griffinmouth, DE 65877",Y,miles
881,James Lopez,686-94-7321,"7722 Johnson Mall Suite 392
Port Kimberly, FL 39596",N,miles
882,Jill Miller,537-30-2776,"4941 Zachary Vista Apt. 605
New Michaelberg, VA 65056",Y,miles
883,Nathaniel Walker,483-06-5720,"3727 Moore Ford
Nicoleton, MD 51511",N,miles
884,Raymond Hudson,793-17-5837,"1096 James Vista Apt. 787
Martintown, MS 18155",N,miles
885,Linda Mccann,668-87-6268,"43277 Nguyen Cove
Lake Patriciashire, OK 07801",N,miles
886,Mary Baker,504-41-6439,"04149 Kayla Oval Suite 285
Alvaradofort, NC 90639",N,hours
887,Isaac Thompson,214-44-7330,"840 Carol Lakes Suite 663
Henrymouth, WI 58554",N,hours
888,Michael Harding,163-49-0840,"2480 John Glens
Jonestown, NM 67344",Y,hours
889,Danny Williams,343-40-5890,"7246 Megan Stream
Hickmanmouth, VT 40920",N,miles
890,Deborah Brooks,606-77-9849,"5182 Cynthia Turnpike
East Caitlin, NY 86703",Y,hours
891,Ian Browning DDS,471-91-5449,"Unit 8286 Box 9394
DPO AA 96635",N,miles
892,Angel Flynn,547-47-3893,"13911 Matthew Springs
Lake Angelashire, SC 22144",N,hours
893,Carmen Estes,048-12-8561,"Unit 1051 Box 0595
DPO AE 81246",Y,hours
894,Melissa Rodriguez,485-44-6998,"PSC 1676, Box 4258
APO AA 22003",Y,hours
895,Lisa Page,827-51-8880,"USCGC Summers
FPO AA 43079",N,miles
896,Candace Hale,043-38-6740,"168 Gonzalez Shoal Apt. 481
Lake Ryanville, VT 03315",Y,hours
897,Michael Flores,837-90-3208,"9556 Stephanie Grove Apt. 738
Gregoryview, GA 73512",Y,hours
898,Albert Smith,018-14-3358,"53878 Moran Estate
East Rebeccaburgh, NM 22344",N,hours
899,Anne Miller,885-90-4746,"4107 Baxter Brook Suite 827
New Laurieville, TN 10630",N,miles
900,James Dennis,277-18-4058,"1006 Ashley View Suite 733
Vanceshire, PW 85546",Y,hours
901,Edward Gonzalez,739-64-4282,"2153 Kimberly Fields Apt. 075
Hillbury, KY 86190",Y,miles
902,Leslie Hardy,060-86-0337,"590 Cassie Cape Apt. 984
Port William, NJ 33857",Y,hours
903,Edward Garcia,294-30-8358,"040 Roy Station Suite 261
East Scott, AL 87773",Y,miles
904,Jennifer Ramsey,711-71-8279,"6678 Theresa Inlet Suite 423
Carsonmouth, UT 51942",Y,miles
905,Brandon Diaz,513-44-6355,"257 Carl Pine Apt. 340
Wilsonville, UT 57955",Y,miles
906,Steven Buckley,264-45-3220,"0817 Andrew Center Suite 903
Amandaberg, VT 77019",Y,miles
907,Mrs. Janet Howard,435-58-1642,"0392 Stephanie Parkway Suite 598
South Sheena, CT 89427",Y,hours
908,Patricia Cox,005-96-5840,"16027 Drew Drive Suite 926
Robertport, WV 79204",N,miles
909,Mark Martinez,019-88-6677,"60030 Stewart Heights Suite 574
Fordburgh, WA 99089",Y,hours
910,Leah Henson,845-96-9579,"2351 Spencer Springs
Bellshire, CA 42567",N,miles
911,Dustin James,466-23-4225,"3549 Joseph Inlet
Shannonshire, DE 13603",N,hours
912,Samantha Fleming,500-50-1874,"Unit 0462 Box 6659
DPO AE 24435",N,miles
913,Tracey Juarez,417-25-9481,"836 Weiss Harbors
South Cynthiafort, IL 73842",N,hours
914,Sandra Finley,031-14-5035,"1862 Ruiz Squares Apt. 666
Lake Brentstad, WI 17919",N,miles
915,John Tucker,767-91-9190,"260 Donald Extensions
Trevorberg, NC 82697",N,hours
916,Timothy Herrera,300-75-8600,"97946 Sanders Canyon
Mccartyton, WI 86809",N,miles
917,Calvin Lane,564-10-3595,"2519 Curtis Ports Apt. 180
New Tinastad, RI 72336",Y,hours
918,Clifford Erickson,435-58-0150,"88666 Hicks Radial Suite 037
Rodrigueztown, ME 39313",Y,miles
919,Julie Jones,557-31-6889,"1415 Brandon Overpass Apt. 534
South Robert, RI 29838",N,hours
920,Daniel Jones,607-01-5924,"0885 Henry Motorway
Parkfurt, AS 01433",Y,miles
921,Kenneth Madden,489-87-3822,"338 Adkins Place
Kyleberg, WI 65995",N,miles
922,Brett Taylor,730-87-7766,"284 Spencer Walk
West Cody, NY 78078",Y,hours
923,Amanda Herrera,102-38-9225,"048 Lauren Mountain Suite 131
Jenniferstad, MD 53354",N,hours
924,Lori Henderson,272-02-1152,"3998 Carter Stream
Teresamouth, NC 23262",Y,miles
925,Sarah Pineda,744-17-0398,"61991 Jackson Estates
Joelton, MP 60499",N,hours
926,Andrea Booker,183-83-6915,"USCGC Hernandez
FPO AP 55193",Y,hours
927,Kevin Smith,197-93-6582,"193 Taylor Brooks
Lesliehaven, AR 51412",N,hours
928,Stanley Abbott,890-97-0332,"301 Jasmine Ranch Apt. 656
Ayalaside, AK 07237",Y,hours
929,Anthony Bernard,119-51-8830,"5590 Williams Stream Suite 849
South Timothy, NE 95141",Y,miles
930,Mrs. Susan Patel,693-33-5540,"7913 Watson Row Suite 945
Lanetown, DC 18341",N,hours
931,Cassandra Smith,123-30-9270,"USNS Morales
FPO AE 38515",N,hours
932,Jessica Jackson,346-49-9112,"USNV Spencer
FPO AA 02640",N,hours
933,Ricky Nichols,027-35-9428,"5431 John Tunnel
Hardinfurt, HI 11576",Y,miles
934,Kaitlyn Murphy,635-09-7148,"430 Sarah Corners
Port Jacquelineview, FM 05526",Y,hours
935,Linda Wang,511-30-8006,"384 Wall Corners
Brendanstad, CT 28922",Y,miles
936,Miranda Smith,199-34-5415,"68129 Hannah Pike Apt. 931
Kristinfort, IL 26419",N,miles
937,Paul Obrien,545-06-4598,"046 James Ramp Suite 733
Brittanyport, LA 15719",N,hours
938,Kenneth Torres,815-09-3464,"9329 Anderson Loaf
Lake Olivia, TX 09434",Y,miles
939,Miranda Forbes,342-33-3020,"947 Hodges Points Apt. 540
Carlstad, NM 17921",Y,miles
940,Jason Lopez,798-02-8520,"077 Mendoza Turnpike Apt. 153
South Leslieborough, LA 94948",Y,hours
941,Rachel Rivera,021-93-9041,"437 Ronald Lakes Apt. 085
Debrachester, MO 76166",Y,hours
942,Wendy Williams,335-32-6552,"0829 Chase Pike
Mejiaside, HI 54860",Y,hours
943,John Espinoza,689-55-0534,"50631 Howell Vista Apt. 911
Patriciafurt, IN 52264",N,hours
944,Amy Fischer,299-34-4793,"64200 Daniel Springs Suite 098
Lake Kimberly, WY 15323",N,miles
945,Jessica Levine,099-94-3726,"703 Kyle Bridge
Susanburgh, TX 82885",Y,hours
946,Stephanie Nelson,280-31-0098,"10307 Zimmerman Parks Apt. 019
New Katherineport, NM 02348",Y,hours
947,Erin Rivera,647-39-3136,"737 Holly Tunnel
Kelleyhaven, WA 21459",N,miles
948,Samantha Hernandez,523-10-6583,"1821 Singh Centers Suite 526
West Michellemouth, NH 45532",N,miles
949,Kathy Brown,366-89-2750,"371 Christine Lodge
Lake Reneeville, HI 62517",Y,hours
950,Melissa Lopez,778-04-4661,"673 Laura Gateway Apt. 459
Nicoleton, SC 08113",Y,hours
951,Melissa Morales,200-61-2569,"11558 Craig Place
East Kimberly, MP 45484",N,hours
952,Terry Wheeler,837-21-9054,"2795 Perkins Mills Apt. 347
Heatherton, OK 54959",N,hours
953,Steven Porter,740-26-2971,"160 Joshua Forest Apt. 256
Andrewsshire, RI 76749",N,miles
954,Mark Valentine,423-65-5294,"PSC 6947, Box 5629
APO AE 11097",N,hours
955,Dr. Elizabeth Mitchell,180-56-0032,"39234 Laura Via
North Kathy, AZ 23405",N,miles
956,James Hayes,276-08-8190,"849 Ashley Orchard Suite 452
Nicolestad, PA 65067",Y,hours
957,Crystal Day,166-57-8275,"PSC 5589, Box 1041
APO AP 20498",Y,miles
958,Amanda Mcdonald,278-74-6134,"4485 Farmer Ferry
East Michaelberg, MI 48598",Y,hours
959,Jason Sullivan,758-76-1509,"191 Saunders Meadows Suite 722
West Teresa, NV 63401",N,miles
960,Katrina Gibson,639-01-0954,"65393 Porter Trail
Daniellefort, SC 95165",N,hours
961,James Ayala,690-76-1701,"919 David Stravenue Apt. 964
Casemouth, AS 43707",Y,miles
962,Andrew Walters,060-26-5742,"9398 Victoria Light Suite 737
New Eddieshire, ME 96968",Y,hours
963,Beverly Gregory,178-76-8717,"545 Tara Manor Apt. 033
Angelahaven, AS 45966",N,hours
964,Harold Gomez,227-27-9635,"184 Bautista Brooks
Glassmouth, OK 57728",N,miles
965,Jordan Mccoy,455-82-2027,"PSC 6270, Box 9630
APO AE 12353",N,miles
966,Meghan Hendrix,652-51-0891,"12587 Smith Square
Davidfort, MN 90076",Y,miles
967,Steven Dickerson,435-42-0488,"161 Jones Plaza
Ashleyfort, HI 76740",Y,hours
968,Bruce Jacobs,665-23-2424,"03751 Miller Springs Apt. 408
South Johnshire, AR 85572",N,hours
969,Ryan Harrison,433-77-8403,"361 Spencer Oval Suite 968
Antonioland, MH 85115",Y,hours
970,Anthony Rosario,469-80-7552,"446 Linda Landing Suite 588
Lake Kelly, OH 55904",N,miles
971,Kara Garcia,630-26-5249,"6650 Phelps Mission
Davisport, WY 80574",Y,hours
972,Lisa Vaughan,063-48-3287,"23849 Joshua Parkway Suite 127
North Kellyberg, AZ 73639",N,miles
973,Allen Callahan,030-12-3898,"188 Samantha Orchard
New Leslie, RI 79420",Y,miles
974,Gina Rodriguez,681-09-5993,"Unit 8994 Box 8688
DPO AP 32797",N,hours
975,Dominic Lawson,064-45-0351,"669 Stephanie Trace
Mosesburgh, GA 07280",N,miles
976,Julie Lewis,130-08-8813,"365 Hale Club
West Reneebury, MD 31907",Y,miles
977,Kelly Shields,849-31-7269,"726 Howard Ridge
Stricklandland, WY 87030",Y,miles
978,Levi Farmer,659-41-9882,"7052 Travis Crossing
East Tina, MT 28804",N,miles
979,Michael Howard,862-64-9170,"301 Jeremy Dale Suite 292
Lindabury, NM 49204",Y,hours
980,Michelle Obrien,718-21-0024,"485 James Cliff Apt. 601
Karenchester, MN 19049",Y,hours
981,Steven Ross,622-38-8030,"47250 Gail Points
New Robertberg, MN 58098",N,miles
982,Judith Warren,562-26-2459,"0117 Dyer Row Apt. 594
South Michaelchester, IA 95475",Y,hours
983,Joshua Calhoun,552-89-8795,"8343 Linda Junctions
Cindyborough, MH 38496",Y,hours
984,Regina Scott,654-52-8456,"0492 Wood Lake Suite 367
New Lauren, MP 39653",Y,miles
985,Brooke Strong,165-55-2131,"77808 Scott Dam
Whitebury, UT 83459",Y,hours
986,Michelle Dickson,778-07-4251,"8275 Joe Highway Apt. 902
Parksstad, WA 20787",Y,miles
987,Cynthia Jordan,177-61-3211,"Unit 8563 Box 0384
DPO AP 40330",N,miles
988,Grace Mcdonald,780-88-0314,"93238 Bradley Crossing Suite 658
South Charlesburgh, MS 71105",N,miles
989,David Ryan,011-76-4085,"8549 Jones Plaza
North Patrickview, FL 65162",N,hours
990,Melissa Harding,154-37-0931,"96457 Hill Corner
South Stephanie, NH 27841",Y,miles
991,David Diaz,182-31-2568,"198 Kline Shores Suite 031
Lake Bradley, MI 82915",Y,miles
992,Susan Farrell,602-07-0525,"12015 Jonathan Landing
North Michelle, NJ 96810",N,hours
993,Bryan Jones,728-47-8565,"2638 Lauren Lane Apt. 958
Webbmouth, HI 54040",N,hours
994,Lori Daniels MD,279-98-8963,"9924 Soto Viaduct
Brentfort, HI 67159",N,hours
995,Holly Watkins,126-67-2080,"7373 Mitchell Field Suite 961
Gallowaychester, TN 10485",Y,miles
996,Stacy Rojas,476-77-4355,"9511 John Loaf
Watkinsland, MI 52853",N,miles
997,Lance Love,214-89-8020,"PSC 9076, Box 3047
APO AE 93753",N,miles
998,Stephanie Valentine,842-56-7546,"088 Boyer Circles Suite 246
Port Rebeccaton, MS 41172",N,miles
999,Jack Rios,540-14-9097,"0081 Hubbard Bypass Suite 709
East Jamesland, ND 51204",Y,hours
1000,Nicholas Garcia,324-15-6914,"012 Lori Mission
Gallagherview, ND 76666",N,hours
1001,Christopher Murphy,734-17-7117,"00622 Jennifer Dam
Mcknightland, PW 19558",Y,hours
1002,Danielle Miller DVM,163-29-4016,"566 Jones Glens Suite 401
Patriciamouth, MP 05071",Y,miles
1003,Michael Richardson,177-43-0257,"139 David Manors Suite 207
Brucemouth, IA 94509",Y,miles
1004,Cody Vance,446-72-5450,"9620 Henderson Estate Apt. 053
East Katelynside, NE 10838",Y,miles
1005,Connor Knight,714-17-3492,"1813 Holly Village
Adrianatown, GA 88967",Y,hours
1006,William Graves,372-38-9096,"445 Larry Springs
Port Kimberly, AR 16059",N,hours
1007,Richard Brown,683-06-5385,"93369 Laurie Village
East Patrick, ID 27035",Y,hours
1008,Ryan Collins,142-72-2172,"43272 Derek Prairie Apt. 885
East Charles, AZ 06964",Y,hours
1009,Michelle Brown,492-92-1102,"297 Parker Club
South Heatherton, ID 53735",Y,hours
